CARRETERA,YEAR,n_total,n_bad_surface,RCII_pct,imd_road_mean,road_passages,RCII_rate_per100M,RCII_level
A-1,2016,184,5,2.7174,,,,Low
A-1,2017,205,5,2.439,,,,Low
A-1,2018,191,10,5.2356,,,,Medium
A-1,2019,169,2,1.1834,,,,Low
A-1,2020,87,1,1.1494,,,,Low
A-1,2021,131,12,9.1603,,,,Medium
A-1,2022,123,2,1.626,,,,Low
A-1,2023,131,1,0.7634,,,,Low
A-1,2024,120,2,1.6667,,,,Low
A-1 CAMBIO,2019,2,0,0.0,,,,Low
A-1 SALIDA,2019,1,0,0.0,,,,Low
A-1A,2016,2,1,50.0,,,,High
A-1A,2017,1,0,0.0,,,,Low
A-1A,2018,3,0,0.0,,,,Low
A-1A,2019,1,0,0.0,,,,Low
A-1A,2020,1,0,0.0,,,,Low
A-1A,2021,3,0,0.0,,,,Low
A-1A,2022,2,0,0.0,,,,Low
A-1A,2023,1,0,0.0,,,,Low
A-1A,2024,2,0,0.0,,,,Low
A-2,2016,181,3,1.6575,,,,Low
A-2,2017,166,0,0.0,,,,Low
A-2,2018,183,2,1.0929,,,,Low
A-2,2019,151,2,1.3245,,,,Low
A-2,2020,100,1,1.0,,,,Low
A-2,2021,135,1,0.7407,,,,Low
A-2,2022,203,3,1.4778,,,,Low
A-2,2023,168,1,0.5952,,,,Low
A-2,2024,106,3,2.8302,,,,Low
A-2 C.S,2019,1,0,0.0,,,,Low
A-2 CAMBIO,2019,1,0,0.0,,,,Low
A-2 CS,2019,1,0,0.0,,,,Low
A-2 V.S,2019,1,0,0.0,,,,Low
A-2 VS,2019,1,0,0.0,,,,Low
"A-2, V.S.",2019,1,0,0.0,,,,Low
A-3,2016,188,3,1.5957,,,,Low
A-3,2017,143,1,0.6993,,,,Low
A-3,2018,156,3,1.9231,,,,Low
A-3,2019,140,1,0.7143,,,,Low
A-3,2020,92,6,6.5217,,,,Medium
A-3,2021,84,2,2.381,,,,Low
A-3,2022,115,1,0.8696,,,,Low
A-3,2023,115,4,3.4783,,,,Low
A-3,2024,145,2,1.3793,,,,Low
A-4,2016,136,1,0.7353,,,,Low
A-4,2017,164,1,0.6098,,,,Low
A-4,2018,157,0,0.0,,,,Low
A-4,2019,143,1,0.6993,,,,Low
A-4,2020,94,2,2.1277,,,,Low
A-4,2021,116,2,1.7241,,,,Low
A-4,2022,134,4,2.9851,,,,Low
A-4,2023,141,6,4.2553,,,,Low
A-4,2024,151,3,1.9868,,,,Low
A-4 V.S.,2019,1,0,0.0,,,,Low
A-42,2016,130,2,1.5385,,,,Low
A-42,2017,147,0,0.0,,,,Low
A-42,2018,140,2,1.4286,,,,Low
A-42,2019,145,0,0.0,,,,Low
A-42,2020,76,1,1.3158,,,,Low
A-42,2021,86,0,0.0,,,,Low
A-42,2022,103,0,0.0,,,,Low
A-42,2023,126,1,0.7937,,,,Low
A-42,2024,111,1,0.9009,,,,Low
A-5,2016,132,1,0.7576,,,,Low
A-5,2017,134,2,1.4925,,,,Low
A-5,2018,156,0,0.0,,,,Low
A-5,2019,159,1,0.6289,,,,Low
A-5,2020,72,1,1.3889,,,,Low
A-5,2021,104,0,0.0,,,,Low
A-5,2022,115,0,0.0,,,,Low
A-5,2023,125,0,0.0,,,,Low
A-5,2024,152,0,0.0,,,,Low
A-5/1,2016,12,0,0.0,,,,Low
A-5/1,2017,13,0,0.0,,,,Low
A-5/1,2018,23,0,0.0,,,,Low
A-5/1,2019,20,0,0.0,,,,Low
A-5/1,2020,11,0,0.0,,,,Low
A-5/1,2021,2,0,0.0,,,,Low
A-5R,2021,7,0,0.0,,,,Low
A-5R,2022,10,0,0.0,,,,Low
A-5R,2023,8,1,12.5,,,,Medium
A-5R,2024,13,0,0.0,,,,Low
A-6,2016,175,1,0.5714,,,,Low
A-6,2017,147,2,1.3605,,,,Low
A-6,2018,159,1,0.6289,,,,Low
A-6,2019,133,2,1.5038,,,,Low
A-6,2020,104,3,2.8846,,,,Low
A-6,2021,109,1,0.9174,,,,Low
A-6,2022,139,0,0.0,,,,Low
A-6,2023,102,1,0.9804,,,,Low
A-6,2024,92,1,1.087,,,,Low
A-6 BUS-VAO,2016,3,0,0.0,,,,Low
A-6 BUS-VAO,2017,8,0,0.0,,,,Low
A-6 BUS-VAO,2018,1,0,0.0,,,,Low
A-6 BUS-VAO,2019,6,0,0.0,,,,Low
A-6 BUS-VAO,2021,1,0,0.0,,,,Low
A-6 BUS-VAO,2022,6,0,0.0,,,,Low
A-6 VIA SE,2024,1,0,0.0,,,,Low
A6,2019,1,0,0.0,,,,Low
AP-41,2016,2,0,0.0,,,,Low
AP-41,2019,1,0,0.0,,,,Low
AP-41,2022,1,0,0.0,,,,Low
AP-41,2024,1,0,0.0,,,,Low
AP-6,2016,12,1,8.3333,,,,Medium
AP-6,2017,8,0,0.0,,,,Low
AP-6,2018,13,1,7.6923,,,,Medium
AP-6,2019,9,0,0.0,,,,Low
AP-6,2020,4,0,0.0,,,,Low
AP-6,2021,5,0,0.0,,,,Low
AP-6,2022,9,1,11.1111,,,,Medium
AP-6,2023,5,1,20.0,,,,High
AP-6,2024,6,0,0.0,,,,Low
CAMINO,2016,1,0,0.0,,,,Low
CAMINO,2018,1,1,100.0,,,,High
CAMINO,2020,1,0,0.0,,,,Low
CAMINO,2021,1,1,100.0,,,,High
CAMINO,2023,2,1,50.0,,,,High
CAMINO DE,2021,1,0,0.0,,,,Low
CM-2028,2016,1,0,0.0,,,,Low
CM-4004,2019,1,0,0.0,,,,Low
CM-4004,2023,1,0,0.0,,,,Low
CM-4006,2020,1,0,0.0,,,,Low
CM-4006,2024,3,0,0.0,,,,Low
CNCALALBER,2023,1,0,0.0,,,,Low
CV-01,2018,1,0,0.0,,,,Low
CVC,2023,1,0,0.0,,,,Low
DE FUENTE,2021,1,0,0.0,,,,Low
DESCONOCID,2021,1,0,0.0,,,,Low
"EJE 2 , A-",2020,1,0,0.0,,,,Low
ENLACE DE,2019,1,0,0.0,,,,Low
M 137,2020,1,0,0.0,,,,Low
M-100,2016,17,1,5.8824,,,,Medium
M-100,2017,34,1,2.9412,,,,Low
M-100,2018,25,0,0.0,19068.0,6959820.0,0.0,Low
M-100,2019,22,1,4.5455,18556.4,6773086.000000001,14.764318657699015,Low
M-100,2020,17,0,0.0,,,,Low
M-100,2021,21,1,4.7619,18764.4,6849006.000000001,14.6006588401295,Low
M-100,2022,22,1,4.5455,19315.2,7050048.0,14.18430058915911,Low
M-100,2023,26,2,7.6923,19464.4,7104506.000000001,28.15114801789174,Medium
M-100,2024,7,0,0.0,20719.4,7562581.000000001,0.0,Low
M-102,2016,1,0,0.0,,,,Low
M-102,2017,1,0,0.0,,,,Low
M-102,2018,4,0,0.0,3837.0,1400505.0,0.0,Low
M-102,2019,1,0,0.0,4031.0,1471315.0,0.0,Low
M-102,2020,4,0,0.0,,,,Low
M-102,2021,1,0,0.0,4149.0,1514385.0,0.0,Low
M-102,2022,4,0,0.0,4085.0,1491025.0,0.0,Low
M-102,2023,1,0,0.0,4141.0,1511465.0,0.0,Low
M-102,2024,2,0,0.0,4292.0,1566580.0,0.0,Low
M-103,2016,16,1,6.25,,,,Medium
M-103,2017,21,0,0.0,,,,Low
M-103,2018,15,0,0.0,8964.166666666666,3271920.833333333,0.0,Low
M-103,2019,16,1,6.25,9488.333333333334,3463241.666666667,28.874681476169965,Medium
M-103,2020,14,0,0.0,,,,Low
M-103,2021,14,0,0.0,8992.166666666666,3282140.833333333,0.0,Low
M-103,2022,13,1,7.6923,9416.166666666666,3436900.833333333,29.095980608498795,Medium
M-103,2023,15,0,0.0,9554.166666666666,3487270.833333333,0.0,Low
M-103,2024,16,0,0.0,9767.5,3565137.5,0.0,Low
M-104,2016,5,0,0.0,,,,Low
M-104,2017,9,1,11.1111,,,,Medium
M-104,2018,6,0,0.0,4082.0,1489930.0,0.0,Low
M-104,2019,8,1,12.5,4720.0,1722800.0,58.04504295333179,Medium
M-104,2020,4,1,25.0,,,,High
M-104,2021,1,0,0.0,3807.0,1389555.0,0.0,Low
M-104,2022,1,0,0.0,4088.0,1492120.0,0.0,Low
M-104,2023,3,1,33.3333,4001.0,1460365.0,68.47603167701224,High
M-104,2024,5,0,0.0,4154.0,1516210.0,0.0,Low
M-106,2016,5,0,0.0,,,,Low
M-106,2017,6,0,0.0,,,,Low
M-106,2018,4,0,0.0,23366.0,8528590.0,0.0,Low
M-106,2019,3,0,0.0,23459.0,8562535.0,0.0,Low
M-106,2020,4,0,0.0,,,,Low
M-106,2021,9,0,0.0,21665.0,7907725.0,0.0,Low
M-106,2022,4,0,0.0,21379.0,7803335.0,0.0,Low
M-106,2023,3,0,0.0,21019.0,7671935.0,0.0,Low
M-106,2024,5,0,0.0,23198.0,8467270.0,0.0,Low
M-108,2016,6,0,0.0,,,,Low
M-108,2017,6,0,0.0,,,,Low
M-108,2018,7,0,0.0,14754.0,5385210.0,0.0,Low
M-108,2019,10,0,0.0,14774.333333333334,5392631.666666667,0.0,Low
M-108,2020,4,0,0.0,,,,Low
M-108,2021,7,0,0.0,12932.333333333334,4720301.666666667,0.0,Low
M-108,2022,8,1,12.5,12360.0,4511400.0,22.16606818282573,Medium
M-108,2023,7,1,14.2857,13564.666666666666,4951103.333333333,20.19751826360589,Medium
M-108,2024,5,0,0.0,13749.666666666666,5018628.333333333,0.0,Low
M-11,2016,10,0,0.0,,,,Low
M-11,2017,9,0,0.0,,,,Low
M-11,2018,7,0,0.0,,,,Low
M-11,2019,20,0,0.0,,,,Low
M-11,2020,4,0,0.0,,,,Low
M-11,2021,11,0,0.0,,,,Low
M-11,2022,12,1,8.3333,,,,Medium
M-11,2023,13,1,7.6923,,,,Medium
M-11,2024,12,0,0.0,,,,Low
M-110,2021,1,0,0.0,,,,Low
M-111,2016,19,0,0.0,,,,Low
M-111,2017,15,0,0.0,,,,Low
M-111,2018,14,0,0.0,12812.0,4676380.0,0.0,Low
M-111,2019,25,0,0.0,14511.25,5296606.25,0.0,Low
M-111,2020,14,0,0.0,,,,Low
M-111,2021,14,1,7.1429,14198.75,5182543.75,19.29554381475313,Medium
M-111,2022,16,0,0.0,15351.5,5603297.5,0.0,Low
M-111,2023,18,0,0.0,14635.0,5341775.0,0.0,Low
M-111,2024,15,0,0.0,16236.4,5926286.0,0.0,Low
M-111 (ANT,2019,1,0,0.0,,,,Low
M-111A,2018,1,0,0.0,,,,Low
M-112,2018,1,0,0.0,3316.0,1210340.0,0.0,Low
M-112,2020,1,0,0.0,,,,Low
M-112,2022,1,0,0.0,2649.0,966885.0,0.0,Low
M-113,2016,13,1,7.6923,,,,Medium
M-113,2017,24,1,4.1667,,,,Low
M-113,2018,12,0,0.0,6860.333333333333,2504021.6666666665,0.0,Low
M-113,2019,20,0,0.0,6586.666666666667,2404133.3333333335,0.0,Low
M-113,2020,15,1,6.6667,,,,Medium
M-113,2021,17,0,0.0,8969.0,3273685.0,0.0,Low
M-113,2022,16,0,0.0,10441.25,3811056.25,0.0,Low
M-113,2023,14,2,14.2857,9166.4,3345736.0,59.77757958189169,Medium
M-113,2024,8,0,0.0,11051.0,4033615.0,0.0,Low
M-114,2016,1,0,0.0,,,,Low
M-114,2017,2,0,0.0,,,,Low
M-114,2019,2,0,0.0,3965.0,1447225.0,0.0,Low
M-114,2020,2,0,0.0,,,,Low
M-114,2021,1,0,0.0,3468.0,1265820.0,0.0,Low
M-115,2016,2,0,0.0,,,,Low
M-115,2017,2,0,0.0,,,,Low
M-115,2018,3,0,0.0,16679.0,6087835.0,0.0,Low
M-115,2019,3,0,0.0,16722.0,6103530.0,0.0,Low
M-115,2021,2,0,0.0,9546.5,3484472.5,0.0,Low
M-115,2022,2,0,0.0,11013.0,4019745.0,0.0,Low
M-115,2023,3,0,0.0,10921.0,3986165.0,0.0,Low
M-116,2016,4,0,0.0,,,,Low
M-116,2017,3,0,0.0,,,,Low
M-116,2018,3,0,0.0,7310.5,2668332.5,0.0,Low
M-116,2019,1,0,0.0,7194.0,2625810.0,0.0,Low
M-116,2020,1,0,0.0,,,,Low
M-116,2021,5,0,0.0,6385.0,2330525.0,0.0,Low
M-116,2022,3,0,0.0,7389.5,2697167.5,0.0,Low
M-116,2023,5,0,0.0,7179.5,2620517.5,0.0,Low
M-116,2024,3,0,0.0,8160.5,2978582.5,0.0,Low
M-117,2016,8,1,12.5,,,,Medium
M-117,2017,10,0,0.0,,,,Low
M-117,2018,8,0,0.0,10866.0,3966090.0,0.0,Low
M-117,2019,6,0,0.0,11247.0,4105155.0,0.0,Low
M-117,2021,5,0,0.0,10218.0,3729570.0,0.0,Low
M-117,2022,4,0,0.0,10454.0,3815710.0,0.0,Low
M-117,2023,3,0,0.0,10976.0,4006240.0,0.0,Low
M-117,2024,3,0,0.0,10887.0,3973755.0,0.0,Low
M-118,2016,1,0,0.0,,,,Low
M-118,2017,8,0,0.0,,,,Low
M-118,2019,2,0,0.0,3857.0,1407805.0,0.0,Low
M-118,2020,2,0,0.0,,,,Low
M-118,2021,2,0,0.0,3659.0,1335535.0,0.0,Low
M-118,2022,3,0,0.0,6183.0,2256795.0,0.0,Low
M-118,2023,2,0,0.0,3500.5,1277682.5,0.0,Low
M-118,2024,4,0,0.0,3698.5,1349952.5,0.0,Low
M-119,2016,12,0,0.0,,,,Low
M-119,2017,7,0,0.0,,,,Low
M-119,2018,10,0,0.0,12258.0,4474170.0,0.0,Low
M-119,2019,14,0,0.0,12324.0,4498260.0,0.0,Low
M-119,2020,19,0,0.0,,,,Low
M-119,2021,13,0,0.0,12173.5,4443327.5,0.0,Low
M-119,2022,10,0,0.0,14218.0,5189570.0,0.0,Low
M-119,2023,15,0,0.0,13327.5,4864537.5,0.0,Low
M-119,2024,4,0,0.0,14921.0,5446165.0,0.0,Low
M-12,2016,10,1,10.0,,,,Medium
M-12,2017,6,0,0.0,,,,Low
M-12,2018,8,0,0.0,,,,Low
M-12,2019,6,0,0.0,,,,Low
M-12,2020,3,0,0.0,,,,Low
M-12,2021,5,0,0.0,,,,Low
M-12,2022,8,0,0.0,,,,Low
M-12,2023,8,0,0.0,,,,Low
M-12,2024,4,0,0.0,,,,Low
M-120,2017,1,0,0.0,,,,Low
M-120,2018,1,0,0.0,1709.0,623785.0,0.0,Low
M-120,2021,1,0,0.0,2162.5,789312.5,0.0,Low
M-120,2022,3,0,0.0,2192.5,800262.5,0.0,Low
M-120,2024,1,0,0.0,2367.5,864137.5,0.0,Low
M-121,2016,4,1,25.0,,,,High
M-121,2017,15,0,0.0,,,,Low
M-121,2018,8,1,12.5,8943.5,3264377.5,30.633711940484826,Medium
M-121,2019,11,0,0.0,9104.5,3323142.5,0.0,Low
M-121,2020,7,0,0.0,,,,Low
M-121,2021,6,0,0.0,8614.5,3144292.5,0.0,Low
M-121,2022,12,1,8.3333,8676.0,3166740.0,31.578216083417015,Medium
M-121,2023,16,0,0.0,9067.0,3309455.0,0.0,Low
M-121,2024,3,0,0.0,9475.5,3458557.5,0.0,Low
M-122,2017,3,0,0.0,,,,Low
M-122,2018,1,0,0.0,777.0,283605.0,0.0,Low
M-122,2022,1,0,0.0,1239.5,452417.5,0.0,Low
M-122,2023,2,0,0.0,1298.5,473952.5,0.0,Low
M-122,2024,2,0,0.0,1310.0,478150.0,0.0,Low
M-123,2016,10,0,0.0,,,,Low
M-123,2017,4,0,0.0,,,,Low
M-123,2018,4,2,50.0,4704.0,1716960.0,116.48495014444134,High
M-123,2019,6,0,0.0,4735.0,1728275.0,0.0,Low
M-123,2020,7,0,0.0,,,,Low
M-123,2021,7,0,0.0,4570.5,1668232.5,0.0,Low
M-123,2022,3,0,0.0,4691.0,1712215.0,0.0,Low
M-123,2023,4,0,0.0,4453.0,1625345.0,0.0,Low
M-123,2024,6,0,0.0,4951.5,1807297.5,0.0,Low
M-124,2016,2,0,0.0,,,,Low
M-124,2021,1,0,0.0,713.0,260245.0,0.0,Low
M-124,2022,1,0,0.0,496.0,181040.0,0.0,Low
M-124,2023,2,1,50.0,549.0,200385.0,499.0393492526886,High
M-124,2024,1,0,0.0,614.0,224110.0,0.0,Low
M-126,2016,1,0,0.0,,,,Low
M-126,2019,1,0,0.0,345.0,125925.0,0.0,Low
M-126,2020,1,1,100.0,,,,High
M-126,2023,1,0,0.0,451.0,164615.0,0.0,Low
M-127,2016,5,0,0.0,,,,Low
M-127,2017,8,0,0.0,,,,Low
M-127,2018,3,0,0.0,692.3333333333334,252701.6666666667,0.0,Low
M-127,2019,4,0,0.0,513.0,187245.0,0.0,Low
M-127,2020,3,0,0.0,,,,Low
M-127,2021,8,0,0.0,1115.6666666666667,407218.3333333334,0.0,Low
M-127,2022,6,0,0.0,985.0,359525.0,0.0,Low
M-127,2023,3,0,0.0,971.0,354415.0,0.0,Low
M-127,2024,6,0,0.0,1320.6666666666667,482043.3333333334,0.0,Low
M-128,2020,1,0,0.0,,,,Low
M-129,2016,2,0,0.0,,,,Low
M-129,2017,2,0,0.0,,,,Low
M-129,2018,1,0,0.0,1335.0,487275.0,0.0,Low
M-129,2020,2,0,0.0,,,,Low
M-129,2021,1,0,0.0,2095.3333333333335,764796.6666666667,0.0,Low
M-129,2022,1,1,100.0,1671.6666666666667,610158.3333333334,163.891885985878,High
M-129,2023,2,0,0.0,1837.0,670505.0,0.0,Low
M-129,2024,4,0,0.0,1959.6666666666667,715278.3333333334,0.0,Low
M-13,2017,1,0,0.0,,,,Low
M-13,2018,1,0,0.0,,,,Low
M-13,2019,1,0,0.0,,,,Low
M-13,2023,1,0,0.0,,,,Low
M-13,2024,3,0,0.0,,,,Low
M-130,2019,1,0,0.0,230.0,83950.0,0.0,Low
M-130,2020,2,0,0.0,,,,Low
M-130,2021,1,0,0.0,215.0,78475.0,0.0,Low
M-130,2022,3,0,0.0,187.0,68255.0,0.0,Low
M-130,2023,1,1,100.0,241.5,88147.5,1134.4621231458634,High
M-130,2024,4,1,25.0,250.5,91432.5,1093.703004949006,High
M-131,2016,6,0,0.0,,,,Low
M-131,2017,4,0,0.0,,,,Low
M-131,2018,5,0,0.0,461.0,168265.0,0.0,Low
M-131,2019,8,0,0.0,631.0,230315.0,0.0,Low
M-131,2020,6,0,0.0,,,,Low
M-131,2021,3,0,0.0,517.0,188705.0,0.0,Low
M-131,2022,7,1,14.2857,495.0,180675.0,553.4800055348001,Medium
M-131,2023,3,1,33.3333,509.0,185785.0,538.2565869149823,High
M-131,2024,4,0,0.0,538.0,196370.0,0.0,Low
M-132,2023,1,0,0.0,428.0,156220.0,0.0,Low
M-132,2024,1,0,0.0,466.0,170090.0,0.0,Low
M-133,2016,8,0,0.0,,,,Low
M-133,2017,8,1,12.5,,,,Medium
M-133,2018,4,0,0.0,254.0,92710.0,0.0,Low
M-133,2019,11,0,0.0,234.0,85410.0,0.0,Low
M-133,2020,10,0,0.0,,,,Low
M-133,2021,11,0,0.0,215.0,78475.0,0.0,Low
M-133,2022,8,0,0.0,185.0,67525.0,0.0,Low
M-133,2023,5,0,0.0,190.0,69350.0,0.0,Low
M-133,2024,4,0,0.0,177.0,64605.0,0.0,Low
M-134,2017,3,1,33.3333,,,,High
M-134,2018,4,0,0.0,185.0,67525.0,0.0,Low
M-134,2019,4,0,0.0,410.0,149650.0,0.0,Low
M-134,2020,1,0,0.0,,,,Low
M-134,2021,2,0,0.0,925.0,337625.0,0.0,Low
M-134,2023,2,0,0.0,492.0,179580.0,0.0,Low
M-134,2024,3,0,0.0,529.0,193085.0,0.0,Low
M-135,2017,1,0,0.0,,,,Low
M-135,2018,4,0,0.0,860.0,313900.0,0.0,Low
M-135,2020,1,0,0.0,,,,Low
M-135,2023,2,0,0.0,731.5,266997.5,0.0,Low
M-135,2024,1,0,0.0,781.5,285247.5,0.0,Low
M-136,2017,1,0,0.0,,,,Low
M-137,2016,1,0,0.0,,,,Low
M-137,2017,3,0,0.0,,,,Low
M-137,2018,2,0,0.0,555.0,202575.0,0.0,Low
M-137,2019,2,0,0.0,602.6666666666666,219973.3333333333,0.0,Low
M-137,2020,5,0,0.0,,,,Low
M-137,2021,10,1,10.0,753.6666666666666,275088.3333333333,363.51959673559406,Medium
M-137,2022,3,0,0.0,612.0,223380.0,0.0,Low
M-137,2023,6,0,0.0,647.0,236155.0,0.0,Low
M-137,2024,4,0,0.0,644.0,235060.0,0.0,Low
M-14,2016,24,1,4.1667,,,,Low
M-14,2017,20,0,0.0,,,,Low
M-14,2018,24,0,0.0,,,,Low
M-14,2019,27,0,0.0,,,,Low
M-14,2020,10,0,0.0,,,,Low
M-14,2021,22,0,0.0,,,,Low
M-14,2022,12,0,0.0,,,,Low
M-14,2023,18,0,0.0,,,,Low
M-14,2024,17,0,0.0,,,,Low
M-141,2018,1,0,0.0,402.0,146730.0,0.0,Low
M-141,2022,2,0,0.0,348.0,127020.0,0.0,Low
M-201,2016,2,0,0.0,,,,Low
M-201,2017,1,0,0.0,,,,Low
M-201,2020,1,0,0.0,,,,Low
M-201,2021,1,0,0.0,,,,Low
M-201A,2023,1,0,0.0,,,,Low
M-203,2016,18,0,0.0,,,,Low
M-203,2017,29,0,0.0,,,,Low
M-203,2018,22,1,4.5455,15662.6,5716849.0,17.49215345726291,Low
M-203,2019,32,0,0.0,16280.4,5942346.0,0.0,Low
M-203,2020,18,0,0.0,,,,Low
M-203,2021,23,3,13.0435,15664.6,5717579.0,52.46976036535744,Medium
M-203,2022,31,1,3.2258,15955.6,5823794.0,17.17093702146745,Low
M-203,2023,32,0,0.0,16598.8,6058562.0,0.0,Low
M-203,2024,24,1,4.1667,17253.2,6297418.0,15.879523957279,Low
M-204,2016,13,0,0.0,,,,Low
M-204,2017,18,0,0.0,,,,Low
M-204,2018,13,0,0.0,3321.625,1212393.125,0.0,Low
M-204,2019,11,0,0.0,3302.1111111111113,1205270.5555555557,0.0,Low
M-204,2020,13,0,0.0,,,,Low
M-204,2021,9,0,0.0,3222.222222222222,1176111.111111111,0.0,Low
M-204,2022,12,0,0.0,3633.25,1326136.25,0.0,Low
M-204,2023,12,0,0.0,3383.222222222222,1234876.111111111,0.0,Low
M-204,2024,14,0,0.0,3353.777777777778,1224128.888888889,0.0,Low
M-206,2016,33,0,0.0,,,,Low
M-206,2017,29,2,6.8966,,,,Medium
M-206,2018,34,0,0.0,18500.5,6752682.5,0.0,Low
M-206,2019,39,0,0.0,21956.2,8014013.0,0.0,Low
M-206,2020,34,0,0.0,,,,Low
M-206,2021,42,1,2.381,20974.833333333332,7655814.166666666,13.061968044548278,Low
M-206,2022,46,1,2.1739,20697.0,7554405.0,13.23730988741006,Low
M-206,2023,34,1,2.9412,20852.0,7610980.0,13.138912465937368,Low
M-206,2024,19,0,0.0,23239.0,8482235.0,0.0,Low
M-208,2016,15,0,0.0,,,,Low
M-208,2017,10,0,0.0,,,,Low
M-208,2018,12,0,0.0,10618.666666666666,3875813.333333333,0.0,Low
M-208,2019,14,0,0.0,10018.0,3656570.0,0.0,Low
M-208,2020,11,0,0.0,,,,Low
M-208,2021,18,1,5.5556,12729.5,4646267.5,21.522652322536317,Medium
M-208,2022,20,0,0.0,14850.5,5420432.5,0.0,Low
M-208,2023,12,0,0.0,14702.0,5366230.0,0.0,Low
M-208,2024,20,1,5.0,15089.25,5507576.25,18.15680717992783,Low
M-209,2016,1,0,0.0,,,,Low
M-209,2017,7,0,0.0,,,,Low
M-209,2018,5,0,0.0,8332.5,3041362.5,0.0,Low
M-209,2019,9,0,0.0,8612.0,3143380.0,0.0,Low
M-209,2020,6,0,0.0,,,,Low
M-209,2021,11,2,18.1818,8758.5,3196852.5,62.56153513494914,High
M-209,2022,7,0,0.0,8641.0,3153965.0,0.0,Low
M-209,2023,9,0,0.0,8768.5,3200502.5,0.0,Low
M-209,2024,8,0,0.0,9151.0,3340115.0,0.0,Low
M-21,2016,21,1,4.7619,,,,Low
M-21,2017,25,2,8.0,,,,Medium
M-21,2018,25,0,0.0,,,,Low
M-21,2019,18,0,0.0,,,,Low
M-21,2020,11,0,0.0,,,,Low
M-21,2021,24,0,0.0,,,,Low
M-21,2022,27,0,0.0,,,,Low
M-21,2023,21,1,4.7619,,,,Low
M-21,2024,15,0,0.0,,,,Low
M-213,2017,4,0,0.0,,,,Low
M-213,2018,2,0,0.0,3252.0,1186980.0,0.0,Low
M-213,2019,4,0,0.0,2767.0,1009955.0,0.0,Low
M-213,2020,3,0,0.0,,,,Low
M-213,2021,3,0,0.0,2611.5,953197.5,0.0,Low
M-213,2022,2,0,0.0,1609.0,587285.0,0.0,Low
M-213,2023,3,0,0.0,2882.5,1052112.5,0.0,Low
M-213,2024,3,0,0.0,2204.0,804460.0,0.0,Low
M-215,2017,1,0,0.0,,,,Low
M-215,2020,1,0,0.0,,,,Low
M-215,2023,4,1,25.0,3074.0,1122010.0,89.12576536751008,High
M-215,2024,2,0,0.0,2935.0,1071275.0,0.0,Low
M-217,2016,1,0,0.0,,,,Low
M-217,2017,3,0,0.0,,,,Low
M-217,2018,4,1,25.0,6573.0,2399145.0,41.68151570663716,High
M-217,2019,4,0,0.0,6731.0,2456815.0,0.0,Low
M-217,2020,3,0,0.0,,,,Low
M-217,2021,4,0,0.0,6797.0,2480905.0,0.0,Low
M-217,2022,4,0,0.0,6706.0,2447690.0,0.0,Low
M-217,2023,3,0,0.0,7207.0,2630555.0,0.0,Low
M-217,2024,3,0,0.0,6988.0,2550620.0,0.0,Low
M-219,2016,6,0,0.0,,,,Low
M-219,2017,3,0,0.0,,,,Low
M-219,2018,8,0,0.0,2175.75,794148.75,0.0,Low
M-219,2019,10,0,0.0,2173.0,793145.0,0.0,Low
M-219,2021,2,1,50.0,2046.0,746790.0,133.90645295196776,High
M-219,2022,12,0,0.0,2065.75,753998.75,0.0,Low
M-219,2023,8,1,12.5,2157.75,787578.75,126.97142984114288,Medium
M-219,2024,4,0,0.0,2171.25,792506.25,0.0,Low
M-22,2016,4,0,0.0,,,,Low
M-22,2017,1,0,0.0,,,,Low
M-22,2018,1,0,0.0,,,,Low
M-22,2019,1,0,0.0,,,,Low
M-22,2020,1,0,0.0,,,,Low
M-22,2022,1,0,0.0,,,,Low
M-22,2023,2,0,0.0,,,,Low
M-22,2024,1,0,0.0,,,,Low
M-220,2016,6,1,16.6667,,,,High
M-220,2017,4,0,0.0,,,,Low
M-220,2018,3,1,33.3333,2479.4,904981.0,110.49955744927242,High
M-220,2019,2,0,0.0,2614.0,954110.0,0.0,Low
M-220,2020,3,0,0.0,,,,Low
M-220,2021,3,0,0.0,2669.8,974477.0000000001,0.0,Low
M-220,2022,10,0,0.0,2715.0,990975.0,0.0,Low
M-220,2023,5,0,0.0,2869.4,1047331.0,0.0,Low
M-220,2024,6,0,0.0,2996.4,1093686.0,0.0,Low
M-221,2016,3,0,0.0,,,,Low
M-221,2017,6,0,0.0,,,,Low
M-221,2018,1,0,0.0,1122.0,409530.0,0.0,Low
M-221,2019,5,0,0.0,1455.0,531075.0,0.0,Low
M-221,2020,1,0,0.0,,,,Low
M-221,2021,4,2,50.0,1437.4,524651.0,381.2057920408043,High
M-221,2022,4,0,0.0,1615.5,589657.5,0.0,Low
M-221,2023,8,0,0.0,1356.0,494940.0,0.0,Low
M-221,2024,7,0,0.0,1498.0,546770.0,0.0,Low
M-222,2016,1,0,0.0,,,,Low
M-222,2017,2,0,0.0,,,,Low
M-222,2018,1,0,0.0,769.3333333333334,280806.6666666667,0.0,Low
M-222,2019,3,0,0.0,1150.6666666666667,419993.3333333334,0.0,Low
M-222,2020,3,0,0.0,,,,Low
M-222,2022,1,0,0.0,845.6666666666666,308668.3333333333,0.0,Low
M-222,2023,3,1,33.3333,832.0,303680.0,329.29399367755536,High
M-222,2024,2,0,0.0,797.3333333333334,291026.6666666667,0.0,Low
M-224,2016,6,0,0.0,,,,Low
M-224,2017,5,0,0.0,,,,Low
M-224,2018,12,0,0.0,4899.142857142857,1788187.1428571427,0.0,Low
M-224,2019,10,0,0.0,5081.142857142857,1854617.1428571427,0.0,Low
M-224,2020,6,0,0.0,,,,Low
M-224,2021,11,0,0.0,5306.142857142857,1936742.1428571427,0.0,Low
M-224,2022,6,0,0.0,3581.6666666666665,1307308.3333333333,0.0,Low
M-224,2023,15,0,0.0,5771.142857142857,2106467.1428571427,0.0,Low
M-224,2024,9,0,0.0,6024.142857142857,2198812.1428571427,0.0,Low
M-225,2016,5,0,0.0,,,,Low
M-225,2017,4,0,0.0,,,,Low
M-225,2018,10,0,0.0,2732.0,997180.0,0.0,Low
M-225,2019,5,1,20.0,2992.1666666666665,1092140.8333333333,91.5632828183789,High
M-225,2020,3,0,0.0,,,,Low
M-225,2021,6,0,0.0,2938.1666666666665,1072430.8333333333,0.0,Low
M-225,2022,7,0,0.0,2918.25,1065161.25,0.0,Low
M-225,2023,3,0,0.0,3014.1666666666665,1100170.8333333333,0.0,Low
M-225,2024,4,0,0.0,3184.8333333333335,1162464.1666666667,0.0,Low
M-226,2016,1,0,0.0,,,,Low
M-226,2017,7,0,0.0,,,,Low
M-226,2018,7,0,0.0,5222.0,1906030.0,0.0,Low
M-226,2019,6,0,0.0,5423.0,1979395.0,0.0,Low
M-226,2020,4,0,0.0,,,,Low
M-226,2021,7,1,14.2857,5511.5,2011697.5,49.70926294833095,Medium
M-226,2022,3,0,0.0,5839.5,2131417.5,0.0,Low
M-226,2023,9,0,0.0,5939.0,2167735.0,0.0,Low
M-226,2024,3,0,0.0,6015.5,2195657.5,0.0,Low
M-227,2020,1,0,0.0,,,,Low
M-228,2020,1,0,0.0,,,,Low
M-229,2016,4,0,0.0,,,,Low
M-229,2017,4,0,0.0,,,,Low
M-229,2018,3,0,0.0,1018.0,371570.0,0.0,Low
M-229,2019,5,0,0.0,1097.6,400623.99999999994,0.0,Low
M-229,2020,2,0,0.0,,,,Low
M-229,2021,2,0,0.0,1109.6,405003.99999999994,0.0,Low
M-229,2022,1,0,0.0,996.6,363759.0,0.0,Low
M-229,2023,2,1,50.0,1042.0,380330.0,262.9295611705624,High
M-229,2024,3,0,0.0,1113.4,406391.00000000006,0.0,Low
M-23,2016,3,0,0.0,,,,Low
M-23,2017,2,0,0.0,,,,Low
M-23,2018,1,0,0.0,,,,Low
M-23,2019,2,0,0.0,,,,Low
M-23,2020,1,0,0.0,,,,Low
M-23,2021,2,0,0.0,,,,Low
M-23,2024,1,0,0.0,,,,Low
M-231,2016,1,0,0.0,,,,Low
M-231,2017,1,0,0.0,,,,Low
M-231,2018,1,0,0.0,327.0,119355.0,0.0,Low
M-231,2019,2,1,50.0,361.0,131765.0,758.926877395363,High
M-231,2020,2,0,0.0,,,,Low
M-231,2021,2,0,0.0,360.0,131400.0,0.0,Low
M-231,2022,2,0,0.0,384.0,140160.0,0.0,Low
M-231,2023,4,0,0.0,400.0,146000.0,0.0,Low
M-231,2024,1,0,0.0,431.0,157315.0,0.0,Low
M-233,2016,1,0,0.0,,,,Low
M-233,2017,1,0,0.0,,,,Low
M-233,2018,1,0,0.0,2501.0,912865.0,0.0,Low
M-233,2020,1,0,0.0,,,,Low
M-233,2021,6,0,0.0,2738.0,999370.0,0.0,Low
M-233,2022,3,0,0.0,2415.0,881475.0,0.0,Low
M-233,2023,2,0,0.0,2566.0,936590.0,0.0,Low
M-233,2024,1,0,0.0,2499.0,912135.0,0.0,Low
M-234,2016,1,0,0.0,,,,Low
M-234,2018,1,0,0.0,197.0,71905.0,0.0,Low
M-234,2019,1,0,0.0,217.0,79205.0,0.0,Low
M-234,2020,2,1,50.0,,,,High
M-234,2023,1,0,0.0,264.0,96360.0,0.0,Low
M-234,2024,2,0,0.0,339.0,123735.0,0.0,Low
M-235,2016,1,0,0.0,,,,Low
M-235,2017,2,0,0.0,,,,Low
M-235,2018,1,0,0.0,5306.0,1936690.0,0.0,Low
M-235,2019,6,0,0.0,6648.0,2426520.0,0.0,Low
M-235,2021,2,0,0.0,6819.0,2488935.0,0.0,Low
M-235,2022,4,0,0.0,7196.0,2626540.0,0.0,Low
M-235,2024,2,0,0.0,7713.0,2815245.0,0.0,Low
M-236,2018,1,0,0.0,,,,Low
M-237,2021,1,0,0.0,,,,Low
M-237,2024,1,0,0.0,,,,Low
M-240,2016,3,0,0.0,,,,Low
M-240,2018,1,0,0.0,1861.0,679265.0,0.0,Low
M-240,2019,1,0,0.0,1975.0,720875.0,0.0,Low
M-240,2020,1,0,0.0,,,,Low
M-240,2022,2,0,0.0,2317.0,845705.0,0.0,Low
M-240,2023,1,0,0.0,2380.0,868700.0,0.0,Low
M-240,2024,1,0,0.0,2477.0,904105.0,0.0,Low
M-241,2016,1,0,0.0,,,,Low
M-241,2017,1,0,0.0,,,,Low
M-241,2018,2,0,0.0,996.5,363722.5,0.0,Low
M-241,2019,1,0,0.0,1428.5,521402.5,0.0,Low
M-241,2020,1,0,0.0,,,,Low
M-241,2022,2,0,0.0,1363.5,497677.5,0.0,Low
M-241,2023,2,1,50.0,1554.0,567210.0,176.30154616455988,High
M-241,2024,4,0,0.0,1423.5,519577.5,0.0,Low
M-300,2016,38,0,0.0,,,,Low
M-300,2017,34,0,0.0,,,,Low
M-300,2018,33,2,6.0606,17316.0,6320340.0,31.643867260305615,Medium
M-300,2019,43,2,4.6512,17550.14285714286,6405802.142857144,31.221694885317692,Low
M-300,2020,39,3,7.6923,,,,Medium
M-300,2021,27,0,0.0,15513.57142857143,5662453.571428572,0.0,Low
M-300,2022,40,0,0.0,11447.25,4178246.25,0.0,Low
M-300,2023,42,0,0.0,15459.57142857143,5642743.571428572,0.0,Low
M-300,2024,39,1,2.5641,16224.857142857143,5922072.857142857,16.885979354236728,Low
M-301,2016,8,0,0.0,,,,Low
M-301,2017,15,0,0.0,,,,Low
M-301,2018,11,0,0.0,5639.666666666667,2058478.3333333335,0.0,Low
M-301,2019,18,0,0.0,5774.666666666667,2107753.3333333335,0.0,Low
M-301,2020,14,2,14.2857,,,,Medium
M-301,2021,18,3,16.6667,5460.0,1992900.0,150.5343971097396,High
M-301,2022,20,3,15.0,5830.0,2127950.0,140.9807561267887,Medium
M-301,2023,13,0,0.0,5257.0,1918805.0,0.0,Low
M-301,2024,14,3,21.4286,5285.666666666667,1929268.3333333335,155.4993646123185,High
M-302,2016,5,0,0.0,,,,Low
M-302,2017,5,0,0.0,,,,Low
M-302,2018,6,0,0.0,1895.6666666666667,691918.3333333334,0.0,Low
M-302,2019,5,0,0.0,1951.3333333333333,712236.6666666666,0.0,Low
M-302,2020,2,0,0.0,,,,Low
M-302,2021,4,0,0.0,2163.3333333333335,789616.6666666667,0.0,Low
M-302,2022,6,0,0.0,2091.3333333333335,763336.6666666667,0.0,Low
M-302,2023,5,0,0.0,1972.3333333333333,719901.6666666666,0.0,Low
M-302,2024,4,0,0.0,2049.3333333333335,748006.6666666667,0.0,Low
M-305,2016,4,0,0.0,,,,Low
M-305,2017,9,0,0.0,,,,Low
M-305,2018,10,1,10.0,7947.0,2900655.0,34.47497203217894,Medium
M-305,2019,10,1,10.0,8294.0,3027310.0,33.03262632502122,Medium
M-305,2020,7,0,0.0,,,,Low
M-305,2021,4,0,0.0,7697.0,2809405.0,0.0,Low
M-305,2022,3,0,0.0,9692.0,3537580.0,0.0,Low
M-305,2023,4,0,0.0,7524.75,2746533.75,0.0,Low
M-305,2024,4,0,0.0,7634.25,2786501.25,0.0,Low
M-305 RE,2021,1,0,0.0,,,,Low
M-305A,2016,3,0,0.0,,,,Low
M-305A,2017,8,0,0.0,,,,Low
M-305A,2018,2,0,0.0,3678.0,1342470.0,0.0,Low
M-305A,2019,8,0,0.0,3869.0,1412185.0,0.0,Low
M-305A,2020,2,0,0.0,,,,Low
M-305A,2021,5,0,0.0,3752.0,1369480.0,0.0,Low
M-305A,2022,4,0,0.0,3842.0,1402330.0,0.0,Low
M-305A,2023,1,0,0.0,3884.0,1417660.0,0.0,Low
M-305A,2024,1,0,0.0,3843.0,1402695.0,0.0,Low
M-305RE,2021,3,0,0.0,,,,Low
M-305RE,2022,12,0,0.0,,,,Low
M-305RE,2023,6,1,16.6667,,,,High
M-305RE,2024,8,1,12.5,,,,Medium
M-307,2016,2,0,0.0,,,,Low
M-307,2017,4,0,0.0,,,,Low
M-307,2018,10,1,10.0,4982.0,1818430.0,54.992493524633886,Medium
M-307,2019,5,0,0.0,5006.333333333333,1827311.6666666665,0.0,Low
M-307,2020,3,0,0.0,,,,Low
M-307,2021,4,0,0.0,4747.0,1732655.0,0.0,Low
M-307,2022,7,0,0.0,4674.666666666667,1706253.3333333335,0.0,Low
M-307,2023,12,1,8.3333,4887.333333333333,1783876.6666666665,56.05768709720217,Medium
M-307,2024,2,0,0.0,5104.666666666667,1863203.3333333335,0.0,Low
M-31,2016,4,0,0.0,,,,Low
M-31,2017,2,0,0.0,,,,Low
M-31,2019,7,0,0.0,,,,Low
M-31,2020,2,0,0.0,,,,Low
M-31,2021,4,0,0.0,,,,Low
M-31,2022,3,0,0.0,,,,Low
M-31,2023,2,0,0.0,,,,Low
M-31,2024,5,1,20.0,,,,High
M-311,2016,9,0,0.0,,,,Low
M-311,2017,5,0,0.0,,,,Low
M-311,2018,3,0,0.0,2218.0,809570.0,0.0,Low
M-311,2019,15,0,0.0,2929.75,1069358.75,0.0,Low
M-311,2020,2,0,0.0,,,,Low
M-311,2021,9,0,0.0,2899.75,1058408.75,0.0,Low
M-311,2022,9,0,0.0,3015.5,1100657.5,0.0,Low
M-311,2023,7,0,0.0,3009.5,1098467.5,0.0,Low
M-311,2024,2,0,0.0,3062.75,1117903.75,0.0,Low
M-313,2016,2,0,0.0,,,,Low
M-313,2017,4,0,0.0,,,,Low
M-313,2018,3,0,0.0,2047.3333333333333,747276.6666666666,0.0,Low
M-313,2019,7,1,14.2857,2113.3333333333335,771366.6666666667,129.64003284214164,Medium
M-313,2020,4,0,0.0,,,,Low
M-313,2021,2,0,0.0,2103.3333333333335,767716.6666666667,0.0,Low
M-313,2022,8,1,12.5,2059.0,751535.0,133.06100181628267,Medium
M-313,2023,6,0,0.0,2643.0,964695.0,0.0,Low
M-313,2024,5,1,20.0,2332.0,851180.0,117.48396343899057,High
M-313RE,2024,1,0,0.0,,,,Low
M-315,2016,1,0,0.0,,,,Low
M-315,2017,2,0,0.0,,,,Low
M-315,2019,2,0,0.0,997.5,364087.5,0.0,Low
M-315,2021,1,0,0.0,1007.5,367737.5,0.0,Low
M-315,2022,1,1,100.0,845.5,308607.5,324.03619484296394,High
M-315,2023,3,2,66.6667,1077.0,393105.0,508.7699215222396,High
M-315,2024,1,0,0.0,1210.0,441650.0,0.0,Low
M-316,2017,2,0,0.0,,,,Low
M-316,2018,1,0,0.0,184.0,67160.0,0.0,Low
M-316,2019,4,0,0.0,750.0,273750.0,0.0,Low
M-316,2020,1,0,0.0,,,,Low
M-316,2021,2,0,0.0,599.5,218817.5,0.0,Low
M-316,2022,3,0,0.0,766.0,279590.0,0.0,Low
M-316,2023,1,0,0.0,654.0,238710.0,0.0,Low
M-317,2016,3,0,0.0,,,,Low
M-317,2017,2,0,0.0,,,,Low
M-317,2018,3,0,0.0,2210.0,806650.0,0.0,Low
M-317,2021,3,0,0.0,3132.0,1143180.0,0.0,Low
M-317,2022,2,0,0.0,3003.0,1096095.0,0.0,Low
M-317,2023,1,0,0.0,2818.0,1028570.0,0.0,Low
M-317,2024,1,0,0.0,2124.0,775260.0,0.0,Low
M-317A,2018,1,0,0.0,,,,Low
M-317A,2020,1,0,0.0,,,,Low
M-318,2016,3,0,0.0,,,,Low
M-318,2017,6,0,0.0,,,,Low
M-318,2018,6,0,0.0,2357.0,860305.0,0.0,Low
M-318,2019,7,0,0.0,2151.0,785115.0,0.0,Low
M-318,2020,9,0,0.0,,,,Low
M-318,2021,8,0,0.0,2510.0,916150.0,0.0,Low
M-318,2022,7,0,0.0,1116.0,407340.0,0.0,Low
M-318,2023,4,0,0.0,2266.0,827090.0,0.0,Low
M-318,2024,7,0,0.0,2375.0,866875.0,0.0,Low
M-319,2023,1,0,0.0,72.0,26280.0,0.0,Low
M-320,2016,3,0,0.0,,,,Low
M-320,2017,7,1,14.2857,,,,Medium
M-320,2018,3,0,0.0,1920.0,700800.0,0.0,Low
M-320,2019,5,0,0.0,1217.0,444205.0,0.0,Low
M-320,2020,3,0,0.0,,,,Low
M-320,2021,5,0,0.0,1245.0,454425.0,0.0,Low
M-320,2022,2,0,0.0,1215.0,443475.0,0.0,Low
M-320,2023,12,0,0.0,1256.5,458622.5,0.0,Low
M-320,2024,9,0,0.0,1312.5,479062.5,0.0,Low
M-321,2017,1,0,0.0,,,,Low
M-321,2018,1,0,0.0,,,,Low
M-321,2019,2,0,0.0,1093.0,398945.0,0.0,Low
M-321,2020,1,0,0.0,,,,Low
M-321,2022,1,0,0.0,1063.0,387995.0,0.0,Low
M-321,2023,1,0,0.0,1157.0,422305.0,0.0,Low
M-321,2024,4,0,0.0,1345.0,490925.0,0.0,Low
M-322,2022,1,0,0.0,1162.0,424130.0,0.0,Low
M-323,2022,1,0,0.0,428.0,156220.0,0.0,Low
M-324,2019,1,0,0.0,264.0,96360.0,0.0,Low
M-325,2020,1,0,0.0,,,,Low
M-325,2022,2,0,0.0,93.0,33945.0,0.0,Low
M-326,2017,1,0,0.0,,,,Low
M-326,2019,1,0,0.0,524.0,191260.0,0.0,Low
M-326,2020,1,0,0.0,,,,Low
M-327,2016,1,0,0.0,,,,Low
M-327,2017,1,1,100.0,,,,High
M-328,2017,1,0,0.0,,,,Low
M-40,2016,241,1,0.4149,,,,Low
M-40,2017,295,0,0.0,,,,Low
M-40,2018,320,5,1.5625,,,,Low
M-40,2019,257,1,0.3891,,,,Low
M-40,2020,137,2,1.4599,,,,Low
M-40,2021,218,0,0.0,,,,Low
M-40,2022,276,3,1.087,,,,Low
M-40,2023,242,1,0.4132,,,,Low
M-40,2024,239,3,1.2552,,,,Low
M-402,2018,1,0,0.0,,,,Low
M-404,2016,35,0,0.0,,,,Low
M-404,2017,34,3,8.8235,,,,Medium
M-404,2018,52,2,3.8462,9246.454545454546,3374955.909090909,59.26003343073977,Low
M-404,2019,39,1,2.5641,9187.7,3353510.5000000005,29.819498105045437,Low
M-404,2020,40,2,5.0,,,,Low
M-404,2021,43,3,6.9767,9378.09090909091,3423003.181818182,87.6423374636334,Medium
M-404,2022,47,5,10.6383,10266.7,3747345.5000000005,133.4277824129107,Medium
M-404,2023,57,2,3.5088,9607.09090909091,3506588.181818182,57.03549707861591,Low
M-404,2024,48,0,0.0,9281.0,3387565.0,0.0,Low
M-405,2016,8,0,0.0,,,,Low
M-405,2017,8,0,0.0,,,,Low
M-405,2018,14,0,0.0,9542.0,3482830.0,0.0,Low
M-405,2019,11,0,0.0,9292.0,3391580.0,0.0,Low
M-405,2020,9,0,0.0,,,,Low
M-405,2021,7,0,0.0,8677.0,3167105.0,0.0,Low
M-405,2022,8,0,0.0,8947.5,3265837.5,0.0,Low
M-405,2023,8,0,0.0,8444.5,3082242.5,0.0,Low
M-405,2024,12,0,0.0,9183.0,3351795.0,0.0,Low
M-406,2016,22,0,0.0,,,,Low
M-406,2017,23,0,0.0,,,,Low
M-406,2018,32,1,3.125,33744.75,12316833.75,8.118969698685751,Low
M-406,2019,28,1,3.5714,32247.8,11770447.0,8.49585406569521,Low
M-406,2020,18,2,11.1111,,,,Medium
M-406,2021,25,3,12.0,31553.4,11516991.0,26.048470472886535,Medium
M-406,2022,25,0,0.0,32701.6,11936084.0,0.0,Low
M-406,2023,22,2,9.0909,32381.2,11819138.0,16.921707826746754,Medium
M-406,2024,18,1,5.5556,32949.8,12026677.000000002,8.314848731698705,Medium
M-407,2016,23,1,4.3478,,,,Low
M-407,2017,25,0,0.0,,,,Low
M-407,2018,22,0,0.0,56681.0,20688565.0,0.0,Low
M-407,2019,34,1,2.9412,56032.0,20451680.0,4.889573863858617,Low
M-407,2020,15,0,0.0,,,,Low
M-407,2021,20,1,5.0,41459.5,15132717.5,6.6081984283391275,Low
M-407,2022,20,1,5.0,46976.0,17146240.0,5.8321824493299985,Low
M-407,2023,10,0,0.0,39432.0,14392680.0,0.0,Low
M-407,2024,21,0,0.0,41208.5,15041102.5,0.0,Low
M-408,2016,10,0,0.0,,,,Low
M-408,2017,22,1,4.5455,,,,Low
M-408,2018,16,0,0.0,,,,Low
M-408,2019,15,0,0.0,24418.0,8912570.0,0.0,Low
M-408,2020,5,0,0.0,,,,Low
M-408,2021,12,0,0.0,21300.0,7774500.0,0.0,Low
M-408,2022,17,0,0.0,19886.0,7258390.0,0.0,Low
M-408,2023,11,0,0.0,20243.0,7388695.0,0.0,Low
M-408,2024,12,1,8.3333,21899.0,7993135.0,12.510735775137041,Medium
M-409,2016,8,1,12.5,,,,Medium
M-409,2017,13,0,0.0,,,,Low
M-409,2018,7,0,0.0,40190.0,14669350.0,0.0,Low
M-409,2019,9,0,0.0,37850.0,13815250.0,0.0,Low
M-409,2020,1,0,0.0,,,,Low
M-409,2021,4,0,0.0,39647.0,14471155.0,0.0,Low
M-409,2022,6,0,0.0,38072.0,13896280.0,0.0,Low
M-409,2023,6,0,0.0,37331.0,13625815.0,0.0,Low
M-409,2024,11,0,0.0,34764.0,12688860.0,0.0,Low
M-410,2016,6,0,0.0,,,,Low
M-410,2017,3,0,0.0,,,,Low
M-410,2018,6,0,0.0,15265.75,5571998.75,0.0,Low
M-410,2019,6,0,0.0,16621.25,6066756.25,0.0,Low
M-410,2020,7,0,0.0,,,,Low
M-410,2021,3,0,0.0,16263.25,5936086.25,0.0,Low
M-410,2022,4,0,0.0,15640.25,5708691.25,0.0,Low
M-410,2023,5,0,0.0,15708.5,5733602.5,0.0,Low
M-410,2024,6,0,0.0,16855.75,6152348.75,0.0,Low
M-413,2016,16,0,0.0,,,,Low
M-413,2017,18,0,0.0,,,,Low
M-413,2018,7,0,0.0,16701.5,6096047.5,0.0,Low
M-413,2019,13,0,0.0,15175.5,5539057.5,0.0,Low
M-413,2020,6,0,0.0,,,,Low
M-413,2021,11,0,0.0,14163.5,5169677.5,0.0,Low
M-413,2022,15,0,0.0,14215.0,5188475.0,0.0,Low
M-413,2023,7,0,0.0,14447.0,5273155.0,0.0,Low
M-413,2024,9,0,0.0,13294.0,4852310.0,0.0,Low
M-415,2016,6,0,0.0,,,,Low
M-415,2017,2,0,0.0,,,,Low
M-415,2018,1,0,0.0,18635.0,6801775.0,0.0,Low
M-415,2019,5,0,0.0,18703.0,6826595.0,0.0,Low
M-415,2020,1,0,0.0,,,,Low
M-415,2021,4,0,0.0,17293.0,6311945.0,0.0,Low
M-415,2022,1,0,0.0,18476.0,6743740.0,0.0,Low
M-415,2023,3,0,0.0,18006.0,6572190.0,0.0,Low
M-415,2024,3,0,0.0,20051.0,7318615.0,0.0,Low
M-416,2018,1,0,0.0,,,,Low
M-416,2019,1,0,0.0,,,,Low
M-416A,2018,1,0,0.0,,,,Low
M-416RE1,2022,1,0,0.0,,,,Low
M-416RE1,2024,1,0,0.0,,,,Low
M-417,2017,4,0,0.0,,,,Low
M-417,2018,5,0,0.0,10123.0,3694895.0,0.0,Low
M-417,2019,3,0,0.0,10069.0,3675185.0,0.0,Low
M-417,2020,2,0,0.0,,,,Low
M-417,2021,3,0,0.0,9821.0,3584665.0,0.0,Low
M-417,2022,1,0,0.0,10872.0,3968280.0,0.0,Low
M-417,2023,2,0,0.0,10805.0,3943825.0,0.0,Low
M-417,2024,3,1,33.3333,12553.0,4581845.0,21.825269078286148,High
M-419,2016,3,0,0.0,,,,Low
M-419,2017,1,0,0.0,,,,Low
M-419,2018,3,0,0.0,8778.0,3203970.0,0.0,Low
M-419,2019,1,0,0.0,9514.0,3472610.0,0.0,Low
M-419,2020,3,0,0.0,,,,Low
M-419,2021,2,0,0.0,8649.5,3157067.5,0.0,Low
M-419,2022,1,0,0.0,8605.0,3140825.0,0.0,Low
M-419,2023,2,0,0.0,9104.0,3322960.0,0.0,Low
M-419,2024,5,0,0.0,9864.5,3600542.5,0.0,Low
M-421,2016,2,0,0.0,,,,Low
M-421,2017,2,0,0.0,,,,Low
M-421,2018,2,0,0.0,13361.0,4876765.0,0.0,Low
M-421,2019,5,0,0.0,12717.0,4641705.0,0.0,Low
M-421,2020,4,0,0.0,,,,Low
M-421,2021,3,2,66.6667,12182.0,4446430.0,44.979905227339685,High
M-421,2022,3,0,0.0,11564.0,4220860.0,0.0,Low
M-421,2023,1,0,0.0,11571.0,4223415.0,0.0,Low
M-421,2024,1,0,0.0,11127.0,4061355.0,0.0,Low
M-423,2016,5,0,0.0,,,,Low
M-423,2017,5,1,20.0,,,,High
M-423,2018,11,1,9.0909,10629.0,3879585.0,25.775952840316688,Medium
M-423,2019,3,0,0.0,13409.0,4894285.0,0.0,Low
M-423,2020,3,0,0.0,,,,Low
M-423,2021,4,0,0.0,11746.0,4287290.0,0.0,Low
M-423,2022,4,0,0.0,11677.0,4262105.0,0.0,Low
M-423,2023,11,0,0.0,11967.0,4367955.0,0.0,Low
M-423,2024,3,0,0.0,12590.0,4595350.0,0.0,Low
M-425,2016,4,0,0.0,,,,Low
M-425,2017,5,0,0.0,,,,Low
M-425,2018,5,0,0.0,50656.0,18489440.0,0.0,Low
M-425,2019,10,0,0.0,48688.0,17771120.0,0.0,Low
M-425,2020,6,0,0.0,,,,Low
M-425,2021,6,0,0.0,48518.0,17709070.0,0.0,Low
M-425,2022,4,2,50.0,52317.0,19095705.0,10.473559368454843,High
M-425,2023,5,0,0.0,49232.0,17969680.0,0.0,Low
M-425,2024,6,0,0.0,42438.0,15489870.0,0.0,Low
M-45,2016,58,1,1.7241,,,,Low
M-45,2017,66,0,0.0,,,,Low
M-45,2018,55,0,0.0,,,,Low
M-45,2019,67,0,0.0,,,,Low
M-45,2020,40,1,2.5,,,,Low
M-45,2021,51,3,5.8824,,,,Medium
M-45,2022,60,0,0.0,,,,Low
M-45,2023,78,2,2.5641,,,,Low
M-45,2024,80,3,3.75,87295.8,31862967.0,9.41531904420577,Low
M-50,2016,219,1,0.4566,,,,Low
M-50,2017,187,1,0.5348,,,,Low
M-50,2018,193,0,0.0,,,,Low
M-50,2019,185,0,0.0,,,,Low
M-50,2020,90,0,0.0,,,,Low
M-50,2021,196,2,1.0204,,,,Low
M-50,2022,190,2,1.0526,,,,Low
M-50,2023,221,6,2.7149,,,,Low
M-50,2024,157,1,0.6369,,,,Low
M-500,2016,11,0,0.0,,,,Low
M-500,2017,7,0,0.0,,,,Low
M-500,2018,4,0,0.0,54661.0,19951265.0,0.0,Low
M-500,2019,4,0,0.0,52641.0,19213965.0,0.0,Low
M-500,2020,4,0,0.0,,,,Low
M-500,2021,7,1,14.2857,45040.0,16439600.0,6.08287306260493,Medium
M-500,2022,5,0,0.0,46964.0,17141860.0,0.0,Low
M-500,2023,3,0,0.0,47877.0,17475105.0,0.0,Low
M-500,2024,3,0,0.0,49499.0,18067135.0,0.0,Low
M-501,2016,69,1,1.4493,,,,Low
M-501,2017,56,0,0.0,,,,Low
M-501,2018,59,1,1.6949,13556.2,4948013.0,20.210132835140083,Low
M-501,2019,65,0,0.0,14563.666666666666,5315738.333333333,0.0,Low
M-501,2020,34,1,2.9412,,,,Low
M-501,2021,40,0,0.0,14155.166666666666,5166635.833333333,0.0,Low
M-501,2022,58,0,0.0,14285.166666666666,5214085.833333333,0.0,Low
M-501,2023,51,1,1.9608,14830.666666666666,5413193.333333333,18.47338416387616,Low
M-501,2024,53,0,0.0,35742.86666666667,13046146.333333334,0.0,Low
M-501A,2016,3,0,0.0,,,,Low
M-501A,2019,2,0,0.0,,,,Low
M-501A,2020,1,0,0.0,,,,Low
M-502,2016,4,0,0.0,,,,Low
M-502,2017,12,0,0.0,,,,Low
M-502,2018,10,0,0.0,33207.5,12120737.5,0.0,Low
M-502,2019,9,0,0.0,32485.0,11857025.0,0.0,Low
M-502,2020,7,0,0.0,,,,Low
M-502,2021,13,0,0.0,30025.0,10959125.0,0.0,Low
M-502,2022,11,0,0.0,28377.5,10357787.5,0.0,Low
M-502,2023,8,0,0.0,30418.0,11102570.0,0.0,Low
M-502,2024,10,0,0.0,26698.333333333332,9744891.666666666,0.0,Low
M-503,2016,68,1,1.4706,,,,Low
M-503,2017,60,0,0.0,,,,Low
M-503,2018,81,0,0.0,56401.0,20586365.0,0.0,Low
M-503,2019,66,3,4.5455,56592.0,20656080.0,14.523568847525764,Low
M-503,2020,53,0,0.0,,,,Low
M-503,2021,61,4,6.5574,48543.0,17718195.0,22.575663040168596,Medium
M-503,2022,50,1,2.0,51838.4,18921016.0,5.285128451875946,Low
M-503,2023,46,0,0.0,47644.8,17390352.0,0.0,Low
M-503,2024,33,0,0.0,54386.5,19851072.5,0.0,Low
M-505,2016,59,2,3.3898,,,,Low
M-505,2017,50,1,2.0,,,,Low
M-505,2018,67,2,2.9851,16192.09090909091,5910113.181818183,33.84029947434478,Low
M-505,2019,76,0,0.0,17487.0,6382755.0,0.0,Low
M-505,2020,38,2,5.2632,,,,Medium
M-505,2021,52,0,0.0,12465.444444444445,4549887.222222223,0.0,Low
M-505,2022,51,1,1.9608,11165.0,4075225.0,24.538522412872908,Low
M-505,2023,41,1,2.439,16602.090909090908,6059763.181818182,16.502295056685007,Low
M-505,2024,50,0,0.0,17254.727272727272,6297975.454545454,0.0,Low
M-506,2016,125,2,1.6,,,,Low
M-506,2017,94,2,2.1277,,,,Low
M-506,2018,99,3,3.0303,25724.0,9389260.0,31.951399790824837,Low
M-506,2019,61,1,1.6393,28300.733333333334,10329767.666666666,9.680759841549197,Low
M-506,2020,60,1,1.6667,,,,Low
M-506,2021,71,2,2.8169,28332.125,10341225.625,19.340067343323245,Low
M-506,2022,77,2,2.5974,28488.75,10398393.75,19.23373982640348,Low
M-506,2023,107,4,3.7383,28742.647058823528,10491066.176470587,38.12767866216704,Low
M-506,2024,80,3,3.75,33055.72222222222,12065338.61111111,24.864615048907662,Low
M-506A,2024,2,0,0.0,,,,Low
M-506RE,2021,1,0,0.0,,,,Low
M-507,2016,16,0,0.0,,,,Low
M-507,2017,18,0,0.0,,,,Low
M-507,2018,15,0,0.0,4764.166666666667,1738920.8333333335,0.0,Low
M-507,2019,16,0,0.0,4470.2,1631623.0,0.0,Low
M-507,2020,21,0,0.0,,,,Low
M-507,2021,21,0,0.0,4599.2,1678708.0,0.0,Low
M-507,2022,16,0,0.0,4571.2,1668488.0,0.0,Low
M-507,2023,14,0,0.0,5113.833333333333,1866549.1666666665,0.0,Low
M-507,2024,23,0,0.0,4967.666666666667,1813198.3333333335,0.0,Low
M-508,2016,1,0,0.0,,,,Low
M-508,2019,1,0,0.0,,,,Low
M-508A,2023,1,0,0.0,,,,Low
M-509,2016,5,0,0.0,,,,Low
M-509,2017,11,0,0.0,,,,Low
M-509,2018,13,0,0.0,16704.0,6096960.0,0.0,Low
M-509,2019,9,0,0.0,20002.666666666668,7300973.333333334,0.0,Low
M-509,2020,8,0,0.0,,,,Low
M-509,2021,10,0,0.0,17044.5,6221242.5,0.0,Low
M-509,2022,10,2,20.0,20525.666666666668,7491868.333333334,26.695610640959387,High
M-509,2023,9,0,0.0,20828.333333333332,7602341.666666666,0.0,Low
M-509,2024,9,0,0.0,22205.333333333332,8104946.666666666,0.0,Low
M-510,2016,23,0,0.0,,,,Low
M-510,2017,24,1,4.1667,,,,Low
M-510,2018,30,2,6.6667,4160.5,1518582.5,131.7017679316073,Medium
M-510,2019,30,1,3.3333,4645.375,1695561.875,58.97749971524926,Low
M-510,2020,17,0,0.0,,,,Low
M-510,2021,27,1,3.7037,4172.125,1522825.625,65.66740036305865,Low
M-510,2022,23,0,0.0,4146.875,1513609.375,0.0,Low
M-510,2023,19,0,0.0,4189.5,1529167.5,0.0,Low
M-510,2024,15,0,0.0,4310.5,1573332.5,0.0,Low
M-511,2016,8,0,0.0,,,,Low
M-511,2017,8,1,12.5,,,,Medium
M-511,2018,10,0,0.0,32100.0,11716500.0,0.0,Low
M-511,2019,7,0,0.0,31925.0,11652625.0,0.0,Low
M-511,2020,7,0,0.0,,,,Low
M-511,2021,3,0,0.0,26737.0,9759005.0,0.0,Low
M-511,2022,7,1,14.2857,25718.0,9387070.0,10.652951346905903,Medium
M-511,2023,7,0,0.0,26754.0,9765210.0,0.0,Low
M-511,2024,6,0,0.0,27821.5,10154847.5,0.0,Low
M-512,2016,16,1,6.25,,,,Medium
M-512,2017,10,1,10.0,,,,Medium
M-512,2018,8,0,0.0,2089.5,762667.5,0.0,Low
M-512,2019,15,0,0.0,1764.0,643860.0,0.0,Low
M-512,2020,14,0,0.0,,,,Low
M-512,2021,11,0,0.0,2117.0,772705.0,0.0,Low
M-512,2022,12,0,0.0,2032.5,741862.5,0.0,Low
M-512,2023,6,0,0.0,2134.5,779092.5,0.0,Low
M-512,2024,6,0,0.0,2223.25,811486.25,0.0,Low
M-513,2016,26,2,7.6923,,,,Medium
M-513,2017,31,1,3.2258,,,,Low
M-513,2018,30,1,3.3333,14536.0,5305640.0,18.847867552265136,Low
M-513,2019,29,0,0.0,13794.5,5034992.5,0.0,Low
M-513,2020,19,1,5.2632,,,,Medium
M-513,2021,20,1,5.0,13777.5,5028787.5,19.88550918089102,Low
M-513,2022,11,0,0.0,13213.5,4822927.5,0.0,Low
M-513,2023,19,0,0.0,12240.5,4467782.5,0.0,Low
M-513,2024,13,0,0.0,13394.666666666666,4889053.333333333,0.0,Low
M-515,2016,1,0,0.0,,,,Low
M-516,2016,8,0,0.0,,,,Low
M-516,2017,6,0,0.0,,,,Low
M-516,2018,3,0,0.0,12378.5,4518152.5,0.0,Low
M-516,2019,9,1,11.1111,15548.0,5675020.0,17.621083273715335,Medium
M-516,2020,2,0,0.0,,,,Low
M-516,2021,3,0,0.0,12127.0,4426355.0,0.0,Low
M-516,2022,3,0,0.0,12561.0,4584765.0,0.0,Low
M-516,2023,6,0,0.0,12755.5,4655757.5,0.0,Low
M-516,2024,4,2,50.0,13056.5,4765622.5,41.967235130352854,High
M-519,2016,2,0,0.0,,,,Low
M-519,2017,3,0,0.0,,,,Low
M-519,2018,2,0,0.0,8504.0,3103960.0,0.0,Low
M-519,2019,6,0,0.0,7955.0,2903575.0,0.0,Low
M-519,2020,3,0,0.0,,,,Low
M-519,2021,3,0,0.0,7625.0,2783125.0,0.0,Low
M-519,2022,3,0,0.0,8179.0,2985335.0,0.0,Low
M-519,2023,5,0,0.0,8042.0,2935330.0,0.0,Low
M-519,2024,2,0,0.0,8654.0,3158710.0,0.0,Low
M-521,2016,13,1,7.6923,,,,Medium
M-521,2017,15,1,6.6667,,,,Medium
M-521,2018,11,0,0.0,1888.0,689120.0,0.0,Low
M-521,2019,15,0,0.0,1287.0,469755.0,0.0,Low
M-521,2020,14,0,0.0,,,,Low
M-521,2021,20,0,0.0,1494.3333333333333,545431.6666666666,0.0,Low
M-521,2022,21,0,0.0,1338.0,488370.0,0.0,Low
M-521,2023,14,0,0.0,2105.75,768598.75,0.0,Low
M-521,2024,29,1,3.4483,2115.5,772157.5,129.50725726292887,Low
M-522,2017,4,0,0.0,,,,Low
M-522,2018,1,0,0.0,,,,Low
M-522,2019,1,0,0.0,3052.0,1113980.0,0.0,Low
M-522,2020,3,0,0.0,,,,Low
M-522,2021,3,0,0.0,3653.0,1333345.0,0.0,Low
M-522,2022,3,0,0.0,2369.0,864685.0,0.0,Low
M-522,2024,1,0,0.0,3436.0,1254140.0,0.0,Low
M-523,2016,2,0,0.0,,,,Low
M-523,2017,1,0,0.0,,,,Low
M-523,2018,3,0,0.0,538.0,196370.0,0.0,Low
M-523,2020,1,0,0.0,,,,Low
M-523,2021,1,0,0.0,2149.0,784385.0,0.0,Low
M-523,2022,2,0,0.0,2095.0,764675.0,0.0,Low
M-523,2023,4,1,25.0,1681.0,613565.0,162.9819171562915,High
M-523,2024,1,0,0.0,2166.0,790590.0,0.0,Low
M-524,2017,1,0,0.0,,,,Low
M-524,2022,1,0,0.0,1662.0,606630.0,0.0,Low
M-524,2024,2,0,0.0,1722.0,628530.0,0.0,Low
M-527,2016,3,0,0.0,,,,Low
M-527,2017,4,0,0.0,,,,Low
M-527,2019,3,0,0.0,4946.0,1805290.0,0.0,Low
M-527,2021,1,0,0.0,3577.0,1305605.0,0.0,Low
M-527,2022,2,0,0.0,3508.0,1280420.0,0.0,Low
M-527,2023,3,0,0.0,3621.0,1321665.0,0.0,Low
M-528,2016,4,0,0.0,,,,Low
M-528,2017,8,0,0.0,,,,Low
M-528,2018,4,0,0.0,3276.0,1195740.0,0.0,Low
M-528,2019,4,0,0.0,3517.0,1283705.0,0.0,Low
M-528,2020,1,0,0.0,,,,Low
M-528,2021,5,0,0.0,3273.0,1194645.0,0.0,Low
M-528,2022,2,0,0.0,3366.0,1228590.0,0.0,Low
M-528,2023,2,0,0.0,4031.0,1471315.0,0.0,Low
M-528,2024,2,0,0.0,3517.0,1283705.0,0.0,Low
M-530,2016,3,0,0.0,,,,Low
M-530,2019,2,0,0.0,914.0,333610.0,0.0,Low
M-530,2020,1,0,0.0,,,,Low
M-530,2021,2,0,0.0,1060.3333333333333,387021.6666666666,0.0,Low
M-530,2023,1,0,0.0,950.6666666666666,346993.3333333333,0.0,Low
M-530,2024,4,0,0.0,1146.6666666666667,418533.3333333334,0.0,Low
M-531,2016,1,0,0.0,,,,Low
M-531,2017,2,0,0.0,,,,Low
M-531,2021,1,0,0.0,473.0,172645.0,0.0,Low
M-532,2016,1,0,0.0,,,,Low
M-532,2017,1,0,0.0,,,,Low
M-532,2019,1,0,0.0,607.5,221737.5,0.0,Low
M-532,2020,1,0,0.0,,,,Low
M-532,2023,2,0,0.0,752.0,274480.0,0.0,Low
M-532,2024,2,0,0.0,818.0,298570.0,0.0,Low
M-533,2016,8,0,0.0,,,,Low
M-533,2017,6,0,0.0,,,,Low
M-533,2018,7,1,14.2857,2265.5,826907.5,120.93251058915297,Medium
M-533,2019,4,0,0.0,2171.5,792597.5,0.0,Low
M-533,2020,10,0,0.0,,,,Low
M-533,2021,3,0,0.0,2307.5,842237.5,0.0,Low
M-533,2022,5,0,0.0,2133.0,778545.0,0.0,Low
M-533,2023,7,0,0.0,2315.5,845157.5,0.0,Low
M-533,2024,4,0,0.0,2236.0,816140.0,0.0,Low
M-535,2017,1,0,0.0,,,,Low
M-535,2018,1,0,0.0,696.0,254040.0,0.0,Low
M-537,2018,2,0,0.0,1611.0,588015.0,0.0,Low
M-537,2019,1,0,0.0,1581.0,577065.0,0.0,Low
M-537,2021,2,0,0.0,1534.0,559910.0,0.0,Low
M-537,2023,1,0,0.0,1528.0,557720.0,0.0,Low
M-538,2018,1,0,0.0,684.5,249842.5,0.0,Low
M-539,2016,2,0,0.0,,,,Low
M-539,2017,7,0,0.0,,,,Low
M-539,2018,4,0,0.0,858.0,313170.0,0.0,Low
M-539,2019,5,1,20.0,941.0,343465.0,291.15048112617006,High
M-539,2020,3,0,0.0,,,,Low
M-539,2021,2,0,0.0,560.0,204400.0,0.0,Low
M-539,2022,3,0,0.0,528.0,192720.0,0.0,Low
M-539,2023,2,0,0.0,707.0,258055.0,0.0,Low
M-539,2024,2,1,50.0,731.0,266815.0,374.7915222157675,High
M-540,2017,1,0,0.0,,,,Low
M-540,2018,1,0,0.0,,,,Low
M-541,2016,1,0,0.0,,,,Low
M-541,2019,1,0,0.0,751.0,274115.0,0.0,Low
M-541,2020,1,0,0.0,,,,Low
M-541,2021,3,0,0.0,838.0,305870.0,0.0,Low
M-541,2023,1,0,0.0,853.0,311345.0,0.0,Low
M-541,2024,1,0,0.0,863.0,314995.0,0.0,Low
M-542,2017,1,0,0.0,,,,Low
M-542,2024,1,0,0.0,1016.5,371022.5,0.0,Low
M-543,2017,1,0,0.0,,,,Low
M-543,2018,1,0,0.0,311.0,113515.0,0.0,Low
M-543,2023,1,0,0.0,378.0,137970.0,0.0,Low
M-545,2018,1,0,0.0,344.0,125560.0,0.0,Low
M-545,2019,1,0,0.0,369.0,134685.0,0.0,Low
M-545,2021,1,0,0.0,410.0,149650.0,0.0,Low
M-545,2024,1,0,0.0,465.0,169725.0,0.0,Low
M-548,2020,1,0,0.0,,,,Low
M-549,2021,1,0,0.0,487.0,177755.0,0.0,Low
M-600,2016,44,1,2.2727,,,,Low
M-600,2017,47,1,2.1277,,,,Low
M-600,2018,50,1,2.0,13608.5,4967102.5,20.132461530640853,Low
M-600,2019,57,1,1.7544,13387.0,4886255.0,20.46557128107313,Low
M-600,2020,42,0,0.0,,,,Low
M-600,2021,51,0,0.0,13215.9,4823803.5,0.0,Low
M-600,2022,60,2,3.3333,13375.4,4882021.0,40.966640659677616,Low
M-600,2023,48,0,0.0,13403.2,4892168.0,0.0,Low
M-600,2024,36,2,5.5556,13588.2,4959693.0,40.32507657227978,Medium
M-601,2016,20,0,0.0,,,,Low
M-601,2017,25,2,8.0,,,,Medium
M-601,2018,18,0,0.0,9549.0,3485385.0,0.0,Low
M-601,2019,25,0,0.0,10052.666666666666,3669223.333333333,0.0,Low
M-601,2020,18,1,5.5556,,,,Medium
M-601,2021,14,3,21.4286,9383.333333333334,3424916.666666667,87.59337210151098,High
M-601,2022,17,0,0.0,10125.666666666666,3695868.333333333,0.0,Low
M-601,2023,17,0,0.0,10118.333333333334,3693191.666666667,0.0,Low
M-601,2024,19,1,5.2632,10706.666666666666,3907933.333333333,25.588972858629457,Medium
M-603,2016,14,0,0.0,,,,Low
M-603,2017,10,0,0.0,,,,Low
M-603,2018,9,0,0.0,29808.0,10879920.0,0.0,Low
M-603,2019,12,0,0.0,36713.0,13400245.0,0.0,Low
M-603,2020,10,0,0.0,,,,Low
M-603,2021,7,1,14.2857,30777.5,11233787.5,8.901717252529478,Medium
M-603,2022,12,1,8.3333,36290.5,13246032.5,7.549430367168433,Medium
M-603,2023,7,0,0.0,33617.0,12270205.0,0.0,Low
M-603,2024,5,0,0.0,32663.0,11921995.0,0.0,Low
M-604,2016,8,0,0.0,,,,Low
M-604,2017,6,1,16.6667,,,,High
M-604,2018,8,0,0.0,2078.3333333333335,758591.6666666667,0.0,Low
M-604,2019,15,2,13.3333,2345.6666666666665,856168.3333333333,233.598922330305,Medium
M-604,2020,3,1,33.3333,,,,High
M-604,2021,8,0,0.0,2650.0,967250.0,0.0,Low
M-604,2022,1,0,0.0,2403.5,877277.5,0.0,Low
M-604,2023,5,0,0.0,2092.0,763580.0,0.0,Low
M-604,2024,8,0,0.0,2157.0,787305.0,0.0,Low
M-605,2016,4,0,0.0,,,,Low
M-605,2017,3,0,0.0,,,,Low
M-605,2018,2,0,0.0,9070.0,3310550.0,0.0,Low
M-605,2019,5,1,20.0,8861.0,3234265.0,30.918925938350753,High
M-605,2020,2,0,0.0,,,,Low
M-605,2021,2,0,0.0,9319.0,3401435.0,0.0,Low
M-605,2022,2,0,0.0,9599.0,3503635.0,0.0,Low
M-605,2023,1,0,0.0,9216.0,3363840.0,0.0,Low
M-605,2024,1,0,0.0,9026.0,3294490.0,0.0,Low
M-607,2016,104,3,2.8846,,,,Low
M-607,2017,86,2,2.3256,,,,Low
M-607,2018,110,8,7.2727,40107.857142857145,14639367.857142858,54.64716836182671,Medium
M-607,2019,87,2,2.2989,40789.666666666664,14888228.333333332,13.433431804119966,Low
M-607,2020,70,5,7.1429,,,,Medium
M-607,2021,62,2,3.2258,37598.166666666664,13723330.833333332,14.573721382145019,Low
M-607,2022,77,1,1.2987,39505.666666666664,14419568.333333332,6.935020361797702,Low
M-607,2023,64,4,6.25,41867.11111111111,15281495.555555554,26.175448505403704,Medium
M-607,2024,47,3,6.383,46256.555555555555,16883642.777777776,17.76867729012009,Medium
M-607 CRBC,2016,1,0,0.0,,,,Low
M-607 CRBC,2022,1,0,0.0,,,,Low
M-608,2016,49,1,2.0408,,,,Low
M-608,2017,39,2,5.1282,,,,Medium
M-608,2018,36,1,2.7778,10231.444444444445,3734477.2222222225,26.777509688623677,Low
M-608,2019,30,1,3.3333,11740.555555555555,4285302.777777777,23.33557398057573,Low
M-608,2020,33,1,3.0303,,,,Low
M-608,2021,39,1,2.5641,10251.222222222223,3741696.1111111115,26.725847591696752,Low
M-608,2022,37,2,5.4054,10441.666666666666,3811208.333333333,52.476795417026544,Medium
M-608,2023,24,0,0.0,10759.888888888889,3927359.4444444445,0.0,Low
M-608,2024,29,0,0.0,11097.333333333334,4050526.666666667,0.0,Low
M-609,2016,6,1,16.6667,,,,High
M-609,2017,6,0,0.0,,,,Low
M-609,2018,3,0,0.0,19779.0,7219335.0,0.0,Low
M-609,2019,11,1,9.0909,26186.0,9557890.0,10.462560251268847,Medium
M-609,2020,5,0,0.0,,,,Low
M-609,2021,7,0,0.0,21656.0,7904440.0,0.0,Low
M-609,2022,4,0,0.0,21816.0,7962840.0,0.0,Low
M-609,2023,5,1,20.0,21901.0,7993865.0,12.509593294357611,High
M-609,2024,4,0,0.0,23237.0,8481505.0,0.0,Low
M-610,2016,2,1,50.0,,,,High
M-610,2017,5,0,0.0,,,,Low
M-610,2018,8,0,0.0,1245.0,454425.0,0.0,Low
M-610,2019,3,0,0.0,1437.0,524505.0,0.0,Low
M-610,2020,5,0,0.0,,,,Low
M-610,2021,6,1,16.6667,1457.0,531805.0,188.03884882616748,High
M-610,2022,2,0,0.0,1456.0,531440.0,0.0,Low
M-610,2023,1,0,0.0,1373.5,501327.5,0.0,Low
M-610,2024,3,0,0.0,1345.0,490925.0,0.0,Low
M-611,2016,6,1,16.6667,,,,High
M-611,2017,13,1,7.6923,,,,Medium
M-611,2018,8,0,0.0,5149.0,1879385.0,0.0,Low
M-611,2019,15,1,6.6667,2796.0,1020540.0,97.98734003566739,Medium
M-611,2020,9,2,22.2222,,,,High
M-611,2021,24,1,4.1667,2772.5,1011962.5,98.81789097916177,Low
M-611,2022,12,0,0.0,2882.5,1052112.5,0.0,Low
M-611,2023,17,1,5.8824,2879.0,1050835.0,95.16241845770269,Medium
M-611,2024,18,1,5.5556,3045.0,1111425.0,89.974582180534,Medium
M-612,2016,3,0,0.0,,,,Low
M-612,2017,3,0,0.0,,,,Low
M-612,2019,1,0,0.0,5498.0,2006770.0,0.0,Low
M-612,2020,2,0,0.0,,,,Low
M-612,2021,2,0,0.0,5680.0,2073200.0,0.0,Low
M-612,2022,3,0,0.0,6157.0,2247305.0,0.0,Low
M-612,2023,1,0,0.0,6224.0,2271760.0,0.0,Low
M-614,2016,2,0,0.0,,,,Low
M-614,2017,10,0,0.0,,,,Low
M-614,2018,8,0,0.0,3534.0,1289910.0,0.0,Low
M-614,2019,7,0,0.0,3865.5,1410907.5,0.0,Low
M-614,2020,7,0,0.0,,,,Low
M-614,2021,8,0,0.0,4097.5,1495587.5,0.0,Low
M-614,2022,6,0,0.0,4012.5,1464562.5,0.0,Low
M-614,2023,2,0,0.0,3980.5,1452882.5,0.0,Low
M-614,2024,8,0,0.0,3916.5,1429522.5,0.0,Low
M-615,2016,1,0,0.0,,,,Low
M-615,2019,2,0,0.0,5009.0,1828285.0,0.0,Low
M-615,2020,2,0,0.0,,,,Low
M-615,2021,1,0,0.0,5060.0,1846900.0,0.0,Low
M-615,2022,1,0,0.0,5046.0,1841790.0,0.0,Low
M-615,2023,3,0,0.0,5103.0,1862595.0,0.0,Low
M-615,2024,2,0,0.0,5083.0,1855295.0,0.0,Low
M-616,2016,5,0,0.0,,,,Low
M-616,2017,9,0,0.0,,,,Low
M-616,2018,6,0,0.0,22964.0,8381860.0,0.0,Low
M-616,2019,7,1,14.2857,29188.0,10653620.0,9.386480839376663,Medium
M-616,2020,4,1,25.0,,,,High
M-616,2021,9,2,22.2222,,,,High
M-616,2022,2,0,0.0,20868.0,7616820.0,0.0,Low
M-616,2023,2,0,0.0,21128.0,7711720.0,0.0,Low
M-616,2024,3,0,0.0,21328.0,7784720.0,0.0,Low
M-616 CB,2016,1,0,0.0,,,,Low
M-617,2017,2,0,0.0,,,,Low
M-617,2018,1,0,0.0,2808.5,1025102.5,0.0,Low
M-617,2020,3,0,0.0,,,,Low
M-617,2021,2,0,0.0,3110.0,1135150.0,0.0,Low
M-617,2022,1,0,0.0,2987.5,1090437.5,0.0,Low
M-618,2016,17,3,17.6471,,,,High
M-618,2017,15,0,0.0,,,,Low
M-618,2018,16,1,6.25,4191.5,1529897.5,65.3638560753253,Medium
M-618,2019,15,1,6.6667,1718.0,627070.0,159.47182930135392,Medium
M-618,2020,7,0,0.0,,,,Low
M-618,2021,19,0,0.0,1388.0,506620.0,0.0,Low
M-618,2022,10,0,0.0,1373.0,501145.0,0.0,Low
M-618,2023,14,0,0.0,4180.0,1525700.0,0.0,Low
M-618,2024,11,0,0.0,4339.0,1583735.0,0.0,Low
M-619,2016,2,0,0.0,,,,Low
M-619,2017,2,0,0.0,,,,Low
M-619,2018,8,0,0.0,4665.0,1702725.0,0.0,Low
M-619,2019,5,0,0.0,5439.0,1985235.0,0.0,Low
M-619,2020,2,0,0.0,,,,Low
M-619,2021,6,0,0.0,,,,Low
M-619,2022,5,1,20.0,4461.0,1628265.0,61.415064501171486,High
M-619,2023,7,0,0.0,4462.0,1628630.0,0.0,Low
M-619,2024,4,0,0.0,4611.0,1683015.0,0.0,Low
M-620,2016,2,0,0.0,,,,Low
M-620,2018,3,0,0.0,9331.0,3405815.0,0.0,Low
M-620,2019,3,0,0.0,11081.0,4044565.0,0.0,Low
M-620,2020,2,0,0.0,,,,Low
M-620,2022,3,0,0.0,8933.0,3260545.0,0.0,Low
M-620,2023,4,0,0.0,9727.0,3550355.0,0.0,Low
M-621,2016,2,0,0.0,,,,Low
M-621,2020,1,0,0.0,,,,Low
M-621,2022,2,0,0.0,543.0,198195.0,0.0,Low
M-622,2016,2,0,0.0,,,,Low
M-622,2017,6,0,0.0,,,,Low
M-622,2018,6,0,0.0,4745.666666666667,1732168.3333333335,0.0,Low
M-622,2019,10,1,10.0,4477.0,1634105.0,61.19557800753317,Medium
M-622,2020,3,0,0.0,,,,Low
M-622,2021,2,0,0.0,5025.333333333333,1834246.6666666665,0.0,Low
M-622,2022,7,0,0.0,4966.0,1812590.0,0.0,Low
M-622,2023,2,0,0.0,4953.0,1807845.0,0.0,Low
M-622,2024,4,0,0.0,5045.666666666667,1841668.3333333335,0.0,Low
M-623,2016,5,0,0.0,,,,Low
M-623,2017,9,0,0.0,,,,Low
M-623,2018,8,0,0.0,5333.0,1946545.0,0.0,Low
M-623,2019,9,0,0.0,5415.0,1976475.0,0.0,Low
M-623,2020,6,0,0.0,,,,Low
M-623,2021,9,0,0.0,5266.333333333333,1922211.6666666665,0.0,Low
M-623,2022,8,0,0.0,5371.333333333333,1960536.6666666665,0.0,Low
M-623,2023,6,2,33.3333,5414.333333333333,1976231.6666666665,101.202709871228,High
M-623,2024,7,0,0.0,5456.666666666667,1991683.3333333335,0.0,Low
M-625,2016,8,0,0.0,,,,Low
M-625,2017,9,0,0.0,,,,Low
M-625,2018,9,0,0.0,2838.0,1035870.0,0.0,Low
M-625,2019,9,1,11.1111,3412.5,1245562.5,80.28501179186111,Medium
M-625,2020,9,1,11.1111,,,,Medium
M-625,2021,7,1,14.2857,3456.5,1261622.5,79.26301250968496,Medium
M-625,2022,13,2,15.3846,3028.0,1105220.0,180.95944698793,High
M-625,2023,7,0,0.0,3255.0,1188075.0,0.0,Low
M-625,2024,4,0,0.0,3288.5,1200302.5,0.0,Low
M-626,2016,1,0,0.0,,,,Low
M-626,2017,3,0,0.0,,,,Low
M-626,2019,1,0,0.0,1854.0,676710.0,0.0,Low
M-626,2020,3,0,0.0,,,,Low
M-626,2021,4,0,0.0,2101.0,766865.0,0.0,Low
M-626,2022,4,0,0.0,1922.0,701530.0,0.0,Low
M-626,2024,2,0,0.0,2065.0,753725.0,0.0,Low
M-627,2017,1,0,0.0,,,,Low
M-627,2021,1,0,0.0,459.0,167535.0,0.0,Low
M-627,2022,1,1,100.0,429.0,156585.0,638.630775617077,High
M-627,2024,1,0,0.0,393.0,143445.0,0.0,Low
M-629,2016,3,0,0.0,,,,Low
M-629,2017,4,0,0.0,,,,Low
M-629,2019,3,0,0.0,557.0,203305.0,0.0,Low
M-629,2020,2,0,0.0,,,,Low
M-629,2021,2,0,0.0,816.5,298022.5,0.0,Low
M-629,2023,6,1,16.6667,757.5,276487.5,361.68000361680004,High
M-629,2024,5,0,0.0,742.0,270830.0,0.0,Low
M-631,2016,1,0,0.0,,,,Low
M-631,2017,2,0,0.0,,,,Low
M-631,2018,3,0,0.0,1991.0,726715.0,0.0,Low
M-631,2019,1,0,0.0,2102.0,767230.0,0.0,Low
M-631,2020,2,0,0.0,,,,Low
M-631,2021,1,0,0.0,2564.0,935860.0,0.0,Low
M-631,2022,1,0,0.0,2349.0,857385.0,0.0,Low
M-631,2023,4,0,0.0,1726.0,629990.0,0.0,Low
M-631,2024,2,0,0.0,2470.0,901550.0,0.0,Low
M-633,2016,2,0,0.0,,,,Low
M-633,2018,1,1,100.0,209.0,76285.0,1310.8736973192633,High
M-634,2017,1,0,0.0,,,,Low
M-634,2019,2,0,0.0,1012.5,369562.5,0.0,Low
M-634,2022,1,0,0.0,1163.5,424677.5,0.0,Low
M-635,2021,1,0,0.0,306.0,111690.0,0.0,Low
M-635,2024,1,1,100.0,295.0,107675.0,928.7206872533086,High
M-636,2022,1,0,0.0,,,,Low
M-637,2016,1,0,0.0,,,,Low
M-637,2017,3,1,33.3333,,,,High
M-637,2018,3,0,0.0,115.0,41975.0,0.0,Low
M-637,2019,5,0,0.0,269.0,98185.0,0.0,Low
M-637,2020,1,0,0.0,,,,Low
M-637,2021,1,0,0.0,244.0,89060.0,0.0,Low
M-637,2022,3,0,0.0,,,,Low
M-637,2023,1,0,0.0,251.0,91615.0,0.0,Low
M-637,2024,4,0,0.0,191.0,69715.0,0.0,Low
M-822,2020,1,0,0.0,,,,Low
M-823,2016,5,0,0.0,,,,Low
M-823,2017,4,0,0.0,,,,Low
M-823,2018,3,0,0.0,6742.0,2460830.0,0.0,Low
M-823,2019,3,0,0.0,7882.0,2876930.0,0.0,Low
M-823,2020,2,0,0.0,,,,Low
M-823,2021,2,1,50.0,8917.0,3254705.0,30.724750783865204,High
M-823,2022,4,0,0.0,6339.0,2313735.0,0.0,Low
M-823,2023,4,0,0.0,,,,Low
M-823,2024,1,0,0.0,,,,Low
M-831,2017,1,0,0.0,,,,Low
M-831,2019,1,0,0.0,,,,Low
M-831RE,2021,1,0,0.0,,,,Low
M-831RE,2023,1,0,0.0,,,,Low
M-832,2016,1,0,0.0,,,,Low
M-832,2017,2,0,0.0,,,,Low
M-832,2018,2,0,0.0,9057.0,3305805.0,0.0,Low
M-832,2019,3,1,33.3333,7962.0,2906130.0,34.41002295148531,High
M-832,2021,1,0,0.0,8055.0,2940075.0,0.0,Low
M-832,2022,1,0,0.0,8900.0,3248500.0,0.0,Low
M-832,2023,2,0,0.0,8589.0,3134985.0,0.0,Low
M-832,2024,2,0,0.0,9119.0,3328435.0,0.0,Low
M-841,2016,6,0,0.0,,,,Low
M-841,2017,5,0,0.0,,,,Low
M-841,2018,4,0,0.0,8525.0,3111625.0,0.0,Low
M-841,2019,1,0,0.0,8188.0,2988620.0,0.0,Low
M-841,2020,3,0,0.0,,,,Low
M-841,2021,4,0,0.0,7151.0,2610115.0,0.0,Low
M-841,2022,5,0,0.0,7642.0,2789330.0,0.0,Low
M-841,2023,9,0,0.0,7385.0,2695525.0,0.0,Low
M-841,2024,6,0,0.0,7846.0,2863790.0,0.0,Low
M-851,2016,2,0,0.0,,,,Low
M-851,2017,3,0,0.0,,,,Low
M-851,2018,2,0,0.0,5961.0,2175765.0,0.0,Low
M-851,2019,2,0,0.0,7069.0,2580185.0,0.0,Low
M-851,2020,1,0,0.0,,,,Low
M-851,2023,1,0,0.0,5961.0,2175765.0,0.0,Low
M-851,2024,1,0,0.0,6032.0,2201680.0,0.0,Low
M-852,2019,1,0,0.0,480.0,175200.0,0.0,Low
M-853,2016,2,0,0.0,,,,Low
M-853,2017,1,0,0.0,,,,Low
M-853,2018,3,0,0.0,2453.0,895345.0,0.0,Low
M-853,2019,1,0,0.0,2428.0,886220.0,0.0,Low
M-853,2020,1,0,0.0,,,,Low
M-853A,2016,1,0,0.0,,,,Low
M-855,2016,4,0,0.0,,,,Low
M-855,2017,1,0,0.0,,,,Low
M-855,2018,2,0,0.0,1557.0,568305.0,0.0,Low
M-855,2021,5,0,0.0,2433.0,888045.0,0.0,Low
M-855,2023,4,1,25.0,1772.0,646780.0,154.61207829555644,High
M-855,2024,3,0,0.0,2689.0,981485.0,0.0,Low
M-856,2016,10,0,0.0,,,,Low
M-856,2017,10,1,10.0,,,,Medium
M-856,2018,5,0,0.0,18517.0,6758705.0,0.0,Low
M-856,2019,7,0,0.0,,,,Low
M-856,2020,4,0,0.0,,,,Low
M-856,2021,6,1,16.6667,17764.0,6483860.0,15.422911660646589,High
M-856,2022,5,0,0.0,17409.0,6354285.0,0.0,Low
M-856,2023,2,0,0.0,17487.0,6382755.0,0.0,Low
M-856,2024,7,0,0.0,18523.0,6760895.0,0.0,Low
M-861,2021,1,1,100.0,,,,High
M-862,2017,1,0,0.0,,,,Low
M-862,2021,1,1,100.0,14252.0,5201980.0,19.223449532677943,High
M-862,2022,2,0,0.0,13877.0,5065105.0,0.0,Low
M-862,2024,2,1,50.0,14109.0,5149785.0,19.418286394480546,High
M-863,2018,1,0,0.0,,,,Low
M-912,2016,1,0,0.0,,,,Low
M-912,2017,1,0,0.0,,,,Low
M-913,2022,1,0,0.0,,,,Low
M-914,2022,1,0,0.0,957.0,349305.0,0.0,Low
M-942,2017,2,0,0.0,,,,Low
M-942A,2020,1,0,0.0,,,,Low
M-942RE,2022,1,1,100.0,,,,High
M-951,2020,1,0,0.0,,,,Low
M-952,2020,1,0,0.0,,,,Low
M-952,2024,1,0,0.0,1387.0,506255.0,0.0,Low
M-954,2024,1,0,0.0,150.0,54750.0,0.0,Low
M-957,2023,1,0,0.0,1406.0,513190.0,0.0,Low
M-957,2024,2,0,0.0,2011.0,734015.0,0.0,Low
M-959,2016,3,0,0.0,,,,Low
M-959,2017,1,0,0.0,,,,Low
M-959,2018,1,0,0.0,,,,Low
M-959,2019,2,1,50.0,5478.0,1999470.0,50.01325351218073,High
M-959,2021,3,0,0.0,5755.0,2100575.0,0.0,Low
M-959,2022,1,0,0.0,5833.0,2129045.0,0.0,Low
M-959,2024,4,0,0.0,5941.0,2168465.0,0.0,Low
M-962,2017,1,0,0.0,,,,Low
M-966,2017,1,0,0.0,,,,Low
M-966,2018,1,0,0.0,,,,Low
M-966,2020,1,0,0.0,,,,Low
M-966,2021,1,0,0.0,1928.0,703720.0,0.0,Low
M-966,2024,2,0,0.0,1467.0,535455.0,0.0,Low
M-978,2016,1,0,0.0,,,,Low
M-988,2016,1,0,0.0,,,,Low
M115,2019,1,0,0.0,,,,Low
M118,2019,1,0,0.0,,,,Low
M206,2019,1,0,0.0,,,,Low
M206,2020,3,0,0.0,,,,Low
M21,2019,1,0,0.0,,,,Low
M305 RE,2023,1,0,0.0,,,,Low
M503,2020,1,0,0.0,,,,Low
M510,2019,1,0,0.0,,,,Low
M513,2020,1,0,0.0,,,,Low
M607,2020,1,0,0.0,,,,Low
M610,2020,2,0,0.0,,,,Low
M625,2020,1,0,0.0,,,,Low
M626,2020,1,0,0.0,,,,Low
M629,2020,1,0,0.0,,,,Low
M637,2020,1,0,0.0,,,,Low
MR PATONES,2018,1,0,0.0,,,,Low
N-103 CAMI,2020,1,1,100.0,,,,High
N-1A,2022,4,0,0.0,,,,Low
N-1A,2023,4,0,0.0,,,,Low
N-1A,2024,3,0,0.0,,,,Low
N-320,2016,14,0,0.0,,,,Low
N-320,2017,20,0,0.0,,,,Low
N-320,2018,13,0,0.0,,,,Low
N-320,2019,10,0,0.0,,,,Low
N-320,2020,7,0,0.0,,,,Low
N-320,2021,3,0,0.0,,,,Low
N-320,2022,4,0,0.0,,,,Low
N-320,2023,7,0,0.0,,,,Low
N-320,2024,8,0,0.0,,,,Low
N-3A,2022,1,0,0.0,,,,Low
N-3A,2023,4,0,0.0,,,,Low
N-400,2016,7,0,0.0,,,,Low
N-400,2017,6,0,0.0,,,,Low
N-400,2018,3,0,0.0,,,,Low
N-400,2019,4,0,0.0,,,,Low
N-400,2020,5,0,0.0,,,,Low
N-400,2021,4,0,0.0,,,,Low
N-400,2022,11,0,0.0,,,,Low
N-400,2023,7,0,0.0,,,,Low
N-400,2024,10,0,0.0,,,,Low
N-403,2016,2,0,0.0,,,,Low
N-403,2017,1,0,0.0,,,,Low
N-403,2018,2,0,0.0,,,,Low
N-403,2019,3,0,0.0,,,,Low
N-403,2020,5,0,0.0,,,,Low
N-403,2022,2,0,0.0,,,,Low
N-403,2023,1,0,0.0,,,,Low
N-403,2024,3,0,0.0,,,,Low
N-4A,2023,4,0,0.0,,,,Low
N-4A,2024,1,0,0.0,,,,Low
N-5A,2022,5,0,0.0,,,,Low
N-5A,2023,4,0,0.0,,,,Low
N-5A,2024,5,0,0.0,,,,Low
N-6,2022,6,1,16.6667,,,,High
N-6,2023,12,0,0.0,,,,Low
N-6,2024,10,0,0.0,,,,Low
N-601,2020,1,0,0.0,,,,Low
N-I,2016,4,0,0.0,,,,Low
N-I,2017,3,0,0.0,,,,Low
N-I,2018,5,0,0.0,,,,Low
N-I,2019,2,0,0.0,,,,Low
N-I,2021,1,0,0.0,,,,Low
N-IA,2017,3,0,0.0,,,,Low
N-IA,2018,1,0,0.0,,,,Low
N-IA,2019,3,0,0.0,,,,Low
N-IA,2021,4,0,0.0,,,,Low
N-IIIA,2016,15,1,6.6667,,,,Medium
N-IIIA,2017,10,0,0.0,,,,Low
N-IIIA,2018,5,0,0.0,,,,Low
N-IIIA,2019,4,0,0.0,,,,Low
N-IIIA,2021,4,0,0.0,,,,Low
N-IIIA,2022,1,0,0.0,,,,Low
N-IV,2020,1,0,0.0,,,,Low
N-IV,2022,1,0,0.0,,,,Low
N-IVA,2016,1,0,0.0,,,,Low
N-IVA,2017,1,0,0.0,,,,Low
N-IVA,2018,1,0,0.0,,,,Low
N-IVA,2020,2,0,0.0,,,,Low
N-V,2017,6,0,0.0,,,,Low
N-V,2018,3,0,0.0,,,,Low
N-V,2019,4,0,0.0,,,,Low
N-V,2020,5,0,0.0,,,,Low
N-V,2021,1,0,0.0,,,,Low
N-VA,2021,4,0,0.0,,,,Low
N-VI,2016,8,0,0.0,,,,Low
N-VI,2017,12,0,0.0,,,,Low
N-VI,2018,10,1,10.0,,,,Medium
N-VI,2019,12,0,0.0,,,,Low
N-VI,2020,6,0,0.0,,,,Low
N-VI,2021,7,0,0.0,,,,Low
NO INVENTARIADA,2016,2,186,9300.0,,,,High
NO INVENTARIADA,2017,3,170,5666.6667,,,,High
NO INVENTARIADA,2018,0,220,inf,,,,High
NO INVENTARIADA,2019,1,209,20900.0,,,,High
NO INVENTARIADA,2020,1,209,20900.0,,,,High
NO INVENTARIADA,2021,2,342,17100.0,,,,High
NO INVENTARIADA,2022,3,292,9733.3333,,,,High
NO INVENTARIADA,2023,0,282,inf,,,,High
NO INVENTARIADA,2024,0,225,inf,,,,High
R-2,2016,2,0,0.0,,,,Low
R-2,2017,2,0,0.0,,,,Low
R-2,2018,6,1,16.6667,,,,High
R-2,2019,9,0,0.0,,,,Low
R-2,2020,1,0,0.0,,,,Low
R-2,2021,6,0,0.0,,,,Low
R-2,2022,3,0,0.0,,,,Low
R-2,2023,4,0,0.0,,,,Low
R-2,2024,4,0,0.0,,,,Low
R-3,2016,4,0,0.0,,,,Low
R-3,2017,6,1,16.6667,,,,High
R-3,2018,1,0,0.0,,,,Low
R-3,2019,7,0,0.0,,,,Low
R-3,2020,3,0,0.0,,,,Low
R-3,2021,10,0,0.0,,,,Low
R-3,2022,7,0,0.0,,,,Low
R-3,2023,9,0,0.0,,,,Low
R-3,2024,7,0,0.0,,,,Low
R-4,2016,3,1,33.3333,,,,High
R-4,2017,3,0,0.0,,,,Low
R-4,2018,3,0,0.0,,,,Low
R-4,2019,4,0,0.0,,,,Low
R-4,2020,2,0,0.0,,,,Low
R-4,2021,2,0,0.0,,,,Low
R-4,2022,6,0,0.0,,,,Low
R-4,2023,4,0,0.0,,,,Low
R-4,2024,8,0,0.0,,,,Low
R-5,2016,5,0,0.0,,,,Low
R-5,2017,5,0,0.0,,,,Low
R-5,2018,1,0,0.0,,,,Low
R-5,2019,6,0,0.0,,,,Low
R-5,2020,1,0,0.0,,,,Low
R-5,2021,5,0,0.0,,,,Low
R-5,2022,7,0,0.0,,,,Low
R-5,2023,6,0,0.0,,,,Low
R-5,2024,5,0,0.0,,,,Low
R3,2021,1,0,0.0,,,,Low
RE-1,2018,2,0,0.0,,,,Low
RE-12,2020,1,0,0.0,,,,Low
RE-12,2021,1,1,100.0,,,,High
RE-12,2023,1,1,100.0,,,,High
RE-4,2019,1,0,0.0,,,,Low
RE-5,2020,6,0,0.0,,,,Low
RE12,2022,1,0,0.0,,,,Low
URB CARAQU,2017,1,0,0.0,,,,Low
