CARRETERA,YEAR,n_accidents,n_fatal_30d,n_serious_30d,yoy_delta_abs,yoy_delta_pct,is_covid_year
A-1,2016,184,3,6,,,False
A-1,2017,205,3,8,21.0,11.41,False
A-1,2018,191,0,7,-14.0,-6.83,False
A-1,2019,169,4,6,-22.0,-11.52,False
A-1,2020,87,1,4,-82.0,-48.52,True
A-1,2021,131,3,1,44.0,50.57,True
A-1,2022,123,0,2,-8.0,-6.11,False
A-1,2023,131,2,5,8.0,6.5,False
A-1,2024,120,4,13,-11.0,-8.4,False
A-1 CAMBIO,2019,2,0,0,,,False
A-1 SALIDA,2019,1,0,0,,,False
A-1A,2016,2,0,0,,,False
A-1A,2017,1,0,0,-1.0,-50.0,False
A-1A,2018,3,0,0,2.0,200.0,False
A-1A,2019,1,0,0,-2.0,-66.67,False
A-1A,2020,1,0,1,0.0,0.0,True
A-1A,2021,3,2,0,2.0,200.0,True
A-1A,2022,2,0,0,-1.0,-33.33,False
A-1A,2023,1,1,0,-1.0,-50.0,False
A-1A,2024,2,0,1,1.0,100.0,False
A-2,2016,181,7,12,,,False
A-2,2017,166,0,9,-15.0,-8.29,False
A-2,2018,183,2,15,17.0,10.24,False
A-2,2019,151,3,5,-32.0,-17.49,False
A-2,2020,100,0,7,-51.0,-33.77,True
A-2,2021,135,3,4,35.0,35.0,True
A-2,2022,203,4,3,68.0,50.37,False
A-2,2023,168,3,4,-35.0,-17.24,False
A-2,2024,106,2,8,-62.0,-36.9,False
A-2 C.S,2019,1,0,0,,,False
A-2 CAMBIO,2019,1,0,0,,,False
A-2 CS,2019,1,0,0,,,False
A-2 V.S,2019,1,0,0,,,False
A-2 VS,2019,1,0,0,,,False
"A-2, V.S.",2019,1,0,0,,,False
A-3,2016,188,3,10,,,False
A-3,2017,143,2,5,-45.0,-23.94,False
A-3,2018,156,2,3,13.0,9.09,False
A-3,2019,140,5,7,-16.0,-10.26,False
A-3,2020,92,1,7,-48.0,-34.29,True
A-3,2021,84,5,4,-8.0,-8.7,True
A-3,2022,115,4,7,31.0,36.9,False
A-3,2023,115,4,7,0.0,0.0,False
A-3,2024,145,8,17,30.0,26.09,False
A-4,2016,136,1,9,,,False
A-4,2017,164,1,10,28.0,20.59,False
A-4,2018,157,1,4,-7.0,-4.27,False
A-4,2019,143,5,2,-14.0,-8.92,False
A-4,2020,94,2,4,-49.0,-34.27,True
A-4,2021,116,1,3,22.0,23.4,True
A-4,2022,134,1,2,18.0,15.52,False
A-4,2023,141,1,3,7.0,5.22,False
A-4,2024,151,0,8,10.0,7.09,False
A-4 V.S.,2019,1,0,0,,,False
A-42,2016,130,1,7,,,False
A-42,2017,147,1,3,17.0,13.08,False
A-42,2018,140,2,5,-7.0,-4.76,False
A-42,2019,145,3,4,5.0,3.57,False
A-42,2020,76,0,6,-69.0,-47.59,True
A-42,2021,86,0,1,10.0,13.16,True
A-42,2022,103,0,6,17.0,19.77,False
A-42,2023,126,2,6,23.0,22.33,False
A-42,2024,111,5,7,-15.0,-11.9,False
A-5,2016,132,1,2,,,False
A-5,2017,134,1,5,2.0,1.52,False
A-5,2018,156,3,7,22.0,16.42,False
A-5,2019,159,2,6,3.0,1.92,False
A-5,2020,72,1,4,-87.0,-54.72,True
A-5,2021,104,0,1,32.0,44.44,True
A-5,2022,115,3,4,11.0,10.58,False
A-5,2023,125,2,7,10.0,8.7,False
A-5,2024,152,0,6,27.0,21.6,False
A-5/1,2016,12,0,0,,,False
A-5/1,2017,13,0,1,1.0,8.33,False
A-5/1,2018,23,0,1,10.0,76.92,False
A-5/1,2019,20,0,1,-3.0,-13.04,False
A-5/1,2020,11,0,0,-9.0,-45.0,True
A-5/1,2021,2,0,0,-9.0,-81.82,True
A-5R,2021,7,0,0,,,True
A-5R,2022,10,0,0,3.0,42.86,False
A-5R,2023,8,0,0,-2.0,-20.0,False
A-5R,2024,13,0,0,5.0,62.5,False
A-6,2016,175,1,8,,,False
A-6,2017,147,2,5,-28.0,-16.0,False
A-6,2018,159,0,6,12.0,8.16,False
A-6,2019,133,0,3,-26.0,-16.35,False
A-6,2020,104,0,7,-29.0,-21.8,True
A-6,2021,109,3,2,5.0,4.81,True
A-6,2022,139,1,5,30.0,27.52,False
A-6,2023,102,0,3,-37.0,-26.62,False
A-6,2024,92,5,12,-10.0,-9.8,False
A-6 BUS-VAO,2016,3,0,0,,,False
A-6 BUS-VAO,2017,8,0,0,5.0,166.67,False
A-6 BUS-VAO,2018,1,0,0,-7.0,-87.5,False
A-6 BUS-VAO,2019,6,0,2,5.0,500.0,False
A-6 BUS-VAO,2021,1,0,0,-5.0,-83.33,True
A-6 BUS-VAO,2022,6,0,0,5.0,500.0,False
A-6 VIA SE,2024,1,0,0,,,False
A6,2019,1,0,0,,,False
AP-41,2016,2,0,1,,,False
AP-41,2019,1,1,0,-1.0,-50.0,False
AP-41,2022,1,0,0,0.0,0.0,False
AP-41,2024,1,0,0,0.0,0.0,False
AP-6,2016,12,2,4,,,False
AP-6,2017,8,0,0,-4.0,-33.33,False
AP-6,2018,13,0,0,5.0,62.5,False
AP-6,2019,9,0,0,-4.0,-30.77,False
AP-6,2020,4,0,2,-5.0,-55.56,True
AP-6,2021,5,0,0,1.0,25.0,True
AP-6,2022,9,3,2,4.0,80.0,False
AP-6,2023,5,0,0,-4.0,-44.44,False
AP-6,2024,6,0,0,1.0,20.0,False
CAMINO,2016,1,0,0,,,False
CAMINO,2018,1,0,0,0.0,0.0,False
CAMINO,2020,1,0,0,0.0,0.0,True
CAMINO,2021,1,0,0,0.0,0.0,True
CAMINO,2023,2,0,1,1.0,100.0,False
CAMINO DE,2021,1,0,0,,,True
CM-2028,2016,1,0,0,,,False
CM-4004,2019,1,0,0,,,False
CM-4004,2023,1,0,0,0.0,0.0,False
CM-4006,2020,1,0,1,,,True
CM-4006,2024,3,1,2,2.0,200.0,False
CNCALALBER,2023,1,0,0,,,False
CV-01,2018,1,0,0,,,False
CVC,2023,1,0,0,,,False
DE FUENTE,2021,1,0,0,,,True
DESCONOCID,2021,1,0,0,,,True
"EJE 2 , A-",2020,1,0,0,,,True
ENLACE DE,2019,1,0,0,,,False
M 137,2020,1,0,0,,,True
M-100,2016,17,1,3,,,False
M-100,2017,34,2,4,17.0,100.0,False
M-100,2018,25,1,5,-9.0,-26.47,False
M-100,2019,22,1,2,-3.0,-12.0,False
M-100,2020,17,2,6,-5.0,-22.73,True
M-100,2021,21,0,0,4.0,23.53,True
M-100,2022,22,3,3,1.0,4.76,False
M-100,2023,26,2,3,4.0,18.18,False
M-100,2024,7,0,2,-19.0,-73.08,False
M-102,2016,1,0,0,,,False
M-102,2017,1,0,0,0.0,0.0,False
M-102,2018,4,0,0,3.0,300.0,False
M-102,2019,1,0,0,-3.0,-75.0,False
M-102,2020,4,0,1,3.0,300.0,True
M-102,2021,1,0,0,-3.0,-75.0,True
M-102,2022,4,0,0,3.0,300.0,False
M-102,2023,1,0,0,-3.0,-75.0,False
M-102,2024,2,0,0,1.0,100.0,False
M-103,2016,16,0,0,,,False
M-103,2017,21,1,3,5.0,31.25,False
M-103,2018,15,1,2,-6.0,-28.57,False
M-103,2019,16,0,1,1.0,6.67,False
M-103,2020,14,0,4,-2.0,-12.5,True
M-103,2021,14,1,0,0.0,0.0,True
M-103,2022,13,0,1,-1.0,-7.14,False
M-103,2023,15,0,0,2.0,15.38,False
M-103,2024,16,0,2,1.0,6.67,False
M-104,2016,5,0,0,,,False
M-104,2017,9,0,1,4.0,80.0,False
M-104,2018,6,0,0,-3.0,-33.33,False
M-104,2019,8,0,0,2.0,33.33,False
M-104,2020,4,0,0,-4.0,-50.0,True
M-104,2021,1,0,1,-3.0,-75.0,True
M-104,2022,1,0,0,0.0,0.0,False
M-104,2023,3,0,0,2.0,200.0,False
M-104,2024,5,0,1,2.0,66.67,False
M-106,2016,5,0,1,,,False
M-106,2017,6,0,0,1.0,20.0,False
M-106,2018,4,0,0,-2.0,-33.33,False
M-106,2019,3,0,0,-1.0,-25.0,False
M-106,2020,4,0,0,1.0,33.33,True
M-106,2021,9,0,0,5.0,125.0,True
M-106,2022,4,0,0,-5.0,-55.56,False
M-106,2023,3,1,1,-1.0,-25.0,False
M-106,2024,5,0,1,2.0,66.67,False
M-108,2016,6,0,1,,,False
M-108,2017,6,0,0,0.0,0.0,False
M-108,2018,7,0,0,1.0,16.67,False
M-108,2019,10,2,0,3.0,42.86,False
M-108,2020,4,0,0,-6.0,-60.0,True
M-108,2021,7,0,1,3.0,75.0,True
M-108,2022,8,0,0,1.0,14.29,False
M-108,2023,7,0,0,-1.0,-12.5,False
M-108,2024,5,2,0,-2.0,-28.57,False
M-11,2016,10,0,1,,,False
M-11,2017,9,0,0,-1.0,-10.0,False
M-11,2018,7,2,1,-2.0,-22.22,False
M-11,2019,20,0,0,13.0,185.71,False
M-11,2020,4,0,0,-16.0,-80.0,True
M-11,2021,11,1,1,7.0,175.0,True
M-11,2022,12,0,1,1.0,9.09,False
M-11,2023,13,2,2,1.0,8.33,False
M-11,2024,12,2,2,-1.0,-7.69,False
M-110,2021,1,0,0,,,True
M-111,2016,19,1,2,,,False
M-111,2017,15,5,5,-4.0,-21.05,False
M-111,2018,14,0,2,-1.0,-6.67,False
M-111,2019,25,1,0,11.0,78.57,False
M-111,2020,14,1,1,-11.0,-44.0,True
M-111,2021,14,0,3,0.0,0.0,True
M-111,2022,16,0,2,2.0,14.29,False
M-111,2023,18,0,2,2.0,12.5,False
M-111,2024,15,0,5,-3.0,-16.67,False
M-111 (ANT,2019,1,0,0,,,False
M-111A,2018,1,0,0,,,False
M-112,2018,1,1,1,,,False
M-112,2020,1,0,0,0.0,0.0,True
M-112,2022,1,0,1,0.0,0.0,False
M-113,2016,13,0,0,,,False
M-113,2017,24,3,0,11.0,84.62,False
M-113,2018,12,0,1,-12.0,-50.0,False
M-113,2019,20,2,3,8.0,66.67,False
M-113,2020,15,1,3,-5.0,-25.0,True
M-113,2021,17,2,0,2.0,13.33,True
M-113,2022,16,2,2,-1.0,-5.88,False
M-113,2023,14,0,0,-2.0,-12.5,False
M-113,2024,8,0,1,-6.0,-42.86,False
M-114,2016,1,0,0,,,False
M-114,2017,2,0,0,1.0,100.0,False
M-114,2019,2,0,0,0.0,0.0,False
M-114,2020,2,0,0,0.0,0.0,True
M-114,2021,1,0,0,-1.0,-50.0,True
M-115,2016,2,0,1,,,False
M-115,2017,2,0,0,0.0,0.0,False
M-115,2018,3,1,1,1.0,50.0,False
M-115,2019,3,0,0,0.0,0.0,False
M-115,2021,2,0,0,-1.0,-33.33,True
M-115,2022,2,0,1,0.0,0.0,False
M-115,2023,3,0,0,1.0,50.0,False
M-116,2016,4,0,0,,,False
M-116,2017,3,0,2,-1.0,-25.0,False
M-116,2018,3,0,1,0.0,0.0,False
M-116,2019,1,0,0,-2.0,-66.67,False
M-116,2020,1,0,0,0.0,0.0,True
M-116,2021,5,0,0,4.0,400.0,True
M-116,2022,3,0,0,-2.0,-40.0,False
M-116,2023,5,1,1,2.0,66.67,False
M-116,2024,3,0,1,-2.0,-40.0,False
M-117,2016,8,0,0,,,False
M-117,2017,10,0,0,2.0,25.0,False
M-117,2018,8,1,0,-2.0,-20.0,False
M-117,2019,6,1,0,-2.0,-25.0,False
M-117,2021,5,0,0,-1.0,-16.67,True
M-117,2022,4,0,0,-1.0,-20.0,False
M-117,2023,3,1,0,-1.0,-25.0,False
M-117,2024,3,0,0,0.0,0.0,False
M-118,2016,1,0,1,,,False
M-118,2017,8,0,3,7.0,700.0,False
M-118,2019,2,0,1,-6.0,-75.0,False
M-118,2020,2,0,0,0.0,0.0,True
M-118,2021,2,0,0,0.0,0.0,True
M-118,2022,3,0,0,1.0,50.0,False
M-118,2023,2,0,0,-1.0,-33.33,False
M-118,2024,4,0,0,2.0,100.0,False
M-119,2016,12,0,3,,,False
M-119,2017,7,0,0,-5.0,-41.67,False
M-119,2018,10,0,1,3.0,42.86,False
M-119,2019,14,1,3,4.0,40.0,False
M-119,2020,19,0,0,5.0,35.71,True
M-119,2021,13,3,0,-6.0,-31.58,True
M-119,2022,10,0,2,-3.0,-23.08,False
M-119,2023,15,0,0,5.0,50.0,False
M-119,2024,4,1,2,-11.0,-73.33,False
M-12,2016,10,0,1,,,False
M-12,2017,6,0,0,-4.0,-40.0,False
M-12,2018,8,1,0,2.0,33.33,False
M-12,2019,6,0,0,-2.0,-25.0,False
M-12,2020,3,0,0,-3.0,-50.0,True
M-12,2021,5,0,0,2.0,66.67,True
M-12,2022,8,0,0,3.0,60.0,False
M-12,2023,8,0,0,0.0,0.0,False
M-12,2024,4,0,0,-4.0,-50.0,False
M-120,2017,1,0,1,,,False
M-120,2018,1,0,0,0.0,0.0,False
M-120,2021,1,0,0,0.0,0.0,True
M-120,2022,3,0,0,2.0,200.0,False
M-120,2024,1,0,0,-2.0,-66.67,False
M-121,2016,4,0,0,,,False
M-121,2017,15,0,0,11.0,275.0,False
M-121,2018,8,0,1,-7.0,-46.67,False
M-121,2019,11,0,0,3.0,37.5,False
M-121,2020,7,1,3,-4.0,-36.36,True
M-121,2021,6,1,0,-1.0,-14.29,True
M-121,2022,12,0,0,6.0,100.0,False
M-121,2023,16,1,2,4.0,33.33,False
M-121,2024,3,0,0,-13.0,-81.25,False
M-122,2017,3,0,1,,,False
M-122,2018,1,0,0,-2.0,-66.67,False
M-122,2022,1,0,0,0.0,0.0,False
M-122,2023,2,1,0,1.0,100.0,False
M-122,2024,2,0,0,0.0,0.0,False
M-123,2016,10,0,1,,,False
M-123,2017,4,0,0,-6.0,-60.0,False
M-123,2018,4,0,0,0.0,0.0,False
M-123,2019,6,0,0,2.0,50.0,False
M-123,2020,7,0,2,1.0,16.67,True
M-123,2021,7,0,0,0.0,0.0,True
M-123,2022,3,0,1,-4.0,-57.14,False
M-123,2023,4,0,1,1.0,33.33,False
M-123,2024,6,0,0,2.0,50.0,False
M-124,2016,2,0,0,,,False
M-124,2021,1,0,0,-1.0,-50.0,True
M-124,2022,1,0,1,0.0,0.0,False
M-124,2023,2,0,1,1.0,100.0,False
M-124,2024,1,0,0,-1.0,-50.0,False
M-126,2016,1,0,0,,,False
M-126,2019,1,0,0,0.0,0.0,False
M-126,2020,1,0,0,0.0,0.0,True
M-126,2023,1,0,0,0.0,0.0,False
M-127,2016,5,0,1,,,False
M-127,2017,8,0,3,3.0,60.0,False
M-127,2018,3,0,0,-5.0,-62.5,False
M-127,2019,4,1,1,1.0,33.33,False
M-127,2020,3,0,2,-1.0,-25.0,True
M-127,2021,8,0,1,5.0,166.67,True
M-127,2022,6,0,0,-2.0,-25.0,False
M-127,2023,3,0,0,-3.0,-50.0,False
M-127,2024,6,0,2,3.0,100.0,False
M-128,2020,1,0,0,,,True
M-129,2016,2,0,0,,,False
M-129,2017,2,0,0,0.0,0.0,False
M-129,2018,1,0,0,-1.0,-50.0,False
M-129,2020,2,0,1,1.0,100.0,True
M-129,2021,1,0,0,-1.0,-50.0,True
M-129,2022,1,0,0,0.0,0.0,False
M-129,2023,2,0,0,1.0,100.0,False
M-129,2024,4,0,1,2.0,100.0,False
M-13,2017,1,0,1,,,False
M-13,2018,1,0,0,0.0,0.0,False
M-13,2019,1,0,0,0.0,0.0,False
M-13,2023,1,0,0,0.0,0.0,False
M-13,2024,3,0,0,2.0,200.0,False
M-130,2019,1,0,0,,,False
M-130,2020,2,0,0,1.0,100.0,True
M-130,2021,1,0,0,-1.0,-50.0,True
M-130,2022,3,0,0,2.0,200.0,False
M-130,2023,1,0,0,-2.0,-66.67,False
M-130,2024,4,0,1,3.0,300.0,False
M-131,2016,6,0,3,,,False
M-131,2017,4,0,0,-2.0,-33.33,False
M-131,2018,5,0,0,1.0,25.0,False
M-131,2019,8,0,0,3.0,60.0,False
M-131,2020,6,0,0,-2.0,-25.0,True
M-131,2021,3,0,1,-3.0,-50.0,True
M-131,2022,7,0,1,4.0,133.33,False
M-131,2023,3,0,0,-4.0,-57.14,False
M-131,2024,4,0,1,1.0,33.33,False
M-132,2023,1,0,0,,,False
M-132,2024,1,0,0,0.0,0.0,False
M-133,2016,8,0,0,,,False
M-133,2017,8,0,0,0.0,0.0,False
M-133,2018,4,0,0,-4.0,-50.0,False
M-133,2019,11,1,2,7.0,175.0,False
M-133,2020,10,0,2,-1.0,-9.09,True
M-133,2021,11,0,0,1.0,10.0,True
M-133,2022,8,2,1,-3.0,-27.27,False
M-133,2023,5,1,0,-3.0,-37.5,False
M-133,2024,4,0,0,-1.0,-20.0,False
M-134,2017,3,0,0,,,False
M-134,2018,4,0,1,1.0,33.33,False
M-134,2019,4,0,1,0.0,0.0,False
M-134,2020,1,0,0,-3.0,-75.0,True
M-134,2021,2,0,0,1.0,100.0,True
M-134,2023,2,0,1,0.0,0.0,False
M-134,2024,3,0,0,1.0,50.0,False
M-135,2017,1,0,0,,,False
M-135,2018,4,0,0,3.0,300.0,False
M-135,2020,1,0,0,-3.0,-75.0,True
M-135,2023,2,0,0,1.0,100.0,False
M-135,2024,1,0,1,-1.0,-50.0,False
M-136,2017,1,0,0,,,False
M-137,2016,1,0,0,,,False
M-137,2017,3,0,1,2.0,200.0,False
M-137,2018,2,0,0,-1.0,-33.33,False
M-137,2019,2,0,0,0.0,0.0,False
M-137,2020,5,0,1,3.0,150.0,True
M-137,2021,10,0,1,5.0,100.0,True
M-137,2022,3,0,1,-7.0,-70.0,False
M-137,2023,6,1,1,3.0,100.0,False
M-137,2024,4,1,1,-2.0,-33.33,False
M-14,2016,24,0,4,,,False
M-14,2017,20,0,0,-4.0,-16.67,False
M-14,2018,24,0,2,4.0,20.0,False
M-14,2019,27,0,4,3.0,12.5,False
M-14,2020,10,0,1,-17.0,-62.96,True
M-14,2021,22,0,1,12.0,120.0,True
M-14,2022,12,1,0,-10.0,-45.45,False
M-14,2023,18,0,0,6.0,50.0,False
M-14,2024,17,1,0,-1.0,-5.56,False
M-141,2018,1,0,0,,,False
M-141,2022,2,0,0,1.0,100.0,False
M-201,2016,2,0,0,,,False
M-201,2017,1,0,0,-1.0,-50.0,False
M-201,2020,1,0,1,0.0,0.0,True
M-201,2021,1,0,0,0.0,0.0,True
M-201A,2023,1,0,0,,,False
M-203,2016,18,0,2,,,False
M-203,2017,29,1,1,11.0,61.11,False
M-203,2018,22,1,4,-7.0,-24.14,False
M-203,2019,32,2,3,10.0,45.45,False
M-203,2020,18,1,0,-14.0,-43.75,True
M-203,2021,23,2,1,5.0,27.78,True
M-203,2022,31,2,4,8.0,34.78,False
M-203,2023,32,0,4,1.0,3.23,False
M-203,2024,24,0,3,-8.0,-25.0,False
M-204,2016,13,1,1,,,False
M-204,2017,18,2,1,5.0,38.46,False
M-204,2018,13,1,0,-5.0,-27.78,False
M-204,2019,11,0,0,-2.0,-15.38,False
M-204,2020,13,2,2,2.0,18.18,True
M-204,2021,9,0,0,-4.0,-30.77,True
M-204,2022,12,0,4,3.0,33.33,False
M-204,2023,12,0,0,0.0,0.0,False
M-204,2024,14,1,1,2.0,16.67,False
M-206,2016,33,0,4,,,False
M-206,2017,29,0,3,-4.0,-12.12,False
M-206,2018,34,0,1,5.0,17.24,False
M-206,2019,39,0,1,5.0,14.71,False
M-206,2020,34,0,1,-5.0,-12.82,True
M-206,2021,42,1,2,8.0,23.53,True
M-206,2022,46,1,2,4.0,9.52,False
M-206,2023,34,0,0,-12.0,-26.09,False
M-206,2024,19,0,2,-15.0,-44.12,False
M-208,2016,15,0,0,,,False
M-208,2017,10,0,0,-5.0,-33.33,False
M-208,2018,12,0,3,2.0,20.0,False
M-208,2019,14,0,0,2.0,16.67,False
M-208,2020,11,0,0,-3.0,-21.43,True
M-208,2021,18,0,0,7.0,63.64,True
M-208,2022,20,0,2,2.0,11.11,False
M-208,2023,12,0,1,-8.0,-40.0,False
M-208,2024,20,1,1,8.0,66.67,False
M-209,2016,1,0,0,,,False
M-209,2017,7,3,4,6.0,600.0,False
M-209,2018,5,0,1,-2.0,-28.57,False
M-209,2019,9,1,1,4.0,80.0,False
M-209,2020,6,0,0,-3.0,-33.33,True
M-209,2021,11,1,2,5.0,83.33,True
M-209,2022,7,0,2,-4.0,-36.36,False
M-209,2023,9,0,2,2.0,28.57,False
M-209,2024,8,1,1,-1.0,-11.11,False
M-21,2016,21,0,3,,,False
M-21,2017,25,0,1,4.0,19.05,False
M-21,2018,25,0,4,0.0,0.0,False
M-21,2019,18,0,1,-7.0,-28.0,False
M-21,2020,11,0,0,-7.0,-38.89,True
M-21,2021,24,3,0,13.0,118.18,True
M-21,2022,27,0,1,3.0,12.5,False
M-21,2023,21,0,0,-6.0,-22.22,False
M-21,2024,15,1,3,-6.0,-28.57,False
M-213,2017,4,0,1,,,False
M-213,2018,2,0,1,-2.0,-50.0,False
M-213,2019,4,0,0,2.0,100.0,False
M-213,2020,3,0,0,-1.0,-25.0,True
M-213,2021,3,0,0,0.0,0.0,True
M-213,2022,2,0,0,-1.0,-33.33,False
M-213,2023,3,0,0,1.0,50.0,False
M-213,2024,3,1,0,0.0,0.0,False
M-215,2017,1,0,0,,,False
M-215,2020,1,0,0,0.0,0.0,True
M-215,2023,4,0,0,3.0,300.0,False
M-215,2024,2,0,0,-2.0,-50.0,False
M-217,2016,1,0,0,,,False
M-217,2017,3,0,0,2.0,200.0,False
M-217,2018,4,0,0,1.0,33.33,False
M-217,2019,4,0,0,0.0,0.0,False
M-217,2020,3,0,0,-1.0,-25.0,True
M-217,2021,4,1,2,1.0,33.33,True
M-217,2022,4,0,0,0.0,0.0,False
M-217,2023,3,0,0,-1.0,-25.0,False
M-217,2024,3,1,1,0.0,0.0,False
M-219,2016,6,0,1,,,False
M-219,2017,3,0,1,-3.0,-50.0,False
M-219,2018,8,0,3,5.0,166.67,False
M-219,2019,10,4,3,2.0,25.0,False
M-219,2021,2,1,1,-8.0,-80.0,True
M-219,2022,12,1,1,10.0,500.0,False
M-219,2023,8,2,1,-4.0,-33.33,False
M-219,2024,4,1,0,-4.0,-50.0,False
M-22,2016,4,0,1,,,False
M-22,2017,1,0,0,-3.0,-75.0,False
M-22,2018,1,0,0,0.0,0.0,False
M-22,2019,1,0,0,0.0,0.0,False
M-22,2020,1,0,0,0.0,0.0,True
M-22,2022,1,0,0,0.0,0.0,False
M-22,2023,2,0,0,1.0,100.0,False
M-22,2024,1,0,0,-1.0,-50.0,False
M-220,2016,6,2,0,,,False
M-220,2017,4,0,0,-2.0,-33.33,False
M-220,2018,3,0,0,-1.0,-25.0,False
M-220,2019,2,0,0,-1.0,-33.33,False
M-220,2020,3,0,0,1.0,50.0,True
M-220,2021,3,0,0,0.0,0.0,True
M-220,2022,10,1,1,7.0,233.33,False
M-220,2023,5,0,2,-5.0,-50.0,False
M-220,2024,6,0,1,1.0,20.0,False
M-221,2016,3,0,0,,,False
M-221,2017,6,0,2,3.0,100.0,False
M-221,2018,1,0,1,-5.0,-83.33,False
M-221,2019,5,0,0,4.0,400.0,False
M-221,2020,1,0,0,-4.0,-80.0,True
M-221,2021,4,0,0,3.0,300.0,True
M-221,2022,4,0,2,0.0,0.0,False
M-221,2023,8,1,1,4.0,100.0,False
M-221,2024,7,1,0,-1.0,-12.5,False
M-222,2016,1,0,0,,,False
M-222,2017,2,0,0,1.0,100.0,False
M-222,2018,1,0,0,-1.0,-50.0,False
M-222,2019,3,0,0,2.0,200.0,False
M-222,2020,3,0,0,0.0,0.0,True
M-222,2022,1,0,1,-2.0,-66.67,False
M-222,2023,3,0,0,2.0,200.0,False
M-222,2024,2,0,1,-1.0,-33.33,False
M-224,2016,6,0,1,,,False
M-224,2017,5,1,1,-1.0,-16.67,False
M-224,2018,12,0,1,7.0,140.0,False
M-224,2019,10,0,0,-2.0,-16.67,False
M-224,2020,6,0,0,-4.0,-40.0,True
M-224,2021,11,0,1,5.0,83.33,True
M-224,2022,6,0,0,-5.0,-45.45,False
M-224,2023,15,2,2,9.0,150.0,False
M-224,2024,9,0,1,-6.0,-40.0,False
M-225,2016,5,0,0,,,False
M-225,2017,4,0,0,-1.0,-20.0,False
M-225,2018,10,1,2,6.0,150.0,False
M-225,2019,5,0,1,-5.0,-50.0,False
M-225,2020,3,0,2,-2.0,-40.0,True
M-225,2021,6,1,0,3.0,100.0,True
M-225,2022,7,0,0,1.0,16.67,False
M-225,2023,3,0,2,-4.0,-57.14,False
M-225,2024,4,0,4,1.0,33.33,False
M-226,2016,1,0,0,,,False
M-226,2017,7,1,0,6.0,600.0,False
M-226,2018,7,0,1,0.0,0.0,False
M-226,2019,6,0,0,-1.0,-14.29,False
M-226,2020,4,0,0,-2.0,-33.33,True
M-226,2021,7,1,0,3.0,75.0,True
M-226,2022,3,0,0,-4.0,-57.14,False
M-226,2023,9,1,2,6.0,200.0,False
M-226,2024,3,0,0,-6.0,-66.67,False
M-227,2020,1,0,0,,,True
M-228,2020,1,0,0,,,True
M-229,2016,4,0,0,,,False
M-229,2017,4,0,0,0.0,0.0,False
M-229,2018,3,0,0,-1.0,-25.0,False
M-229,2019,5,0,2,2.0,66.67,False
M-229,2020,2,1,0,-3.0,-60.0,True
M-229,2021,2,0,0,0.0,0.0,True
M-229,2022,1,0,1,-1.0,-50.0,False
M-229,2023,2,0,0,1.0,100.0,False
M-229,2024,3,0,1,1.0,50.0,False
M-23,2016,3,0,0,,,False
M-23,2017,2,0,0,-1.0,-33.33,False
M-23,2018,1,0,0,-1.0,-50.0,False
M-23,2019,2,0,0,1.0,100.0,False
M-23,2020,1,0,0,-1.0,-50.0,True
M-23,2021,2,0,0,1.0,100.0,True
M-23,2024,1,0,0,-1.0,-50.0,False
M-231,2016,1,1,0,,,False
M-231,2017,1,0,0,0.0,0.0,False
M-231,2018,1,0,1,0.0,0.0,False
M-231,2019,2,0,0,1.0,100.0,False
M-231,2020,2,0,0,0.0,0.0,True
M-231,2021,2,0,0,0.0,0.0,True
M-231,2022,2,0,1,0.0,0.0,False
M-231,2023,4,0,2,2.0,100.0,False
M-231,2024,1,0,0,-3.0,-75.0,False
M-233,2016,1,0,0,,,False
M-233,2017,1,1,0,0.0,0.0,False
M-233,2018,1,0,0,0.0,0.0,False
M-233,2020,1,0,0,0.0,0.0,True
M-233,2021,6,0,3,5.0,500.0,True
M-233,2022,3,0,0,-3.0,-50.0,False
M-233,2023,2,0,1,-1.0,-33.33,False
M-233,2024,1,0,0,-1.0,-50.0,False
M-234,2016,1,0,0,,,False
M-234,2018,1,0,0,0.0,0.0,False
M-234,2019,1,0,0,0.0,0.0,False
M-234,2020,2,0,0,1.0,100.0,True
M-234,2023,1,0,0,-1.0,-50.0,False
M-234,2024,2,0,1,1.0,100.0,False
M-235,2016,1,0,1,,,False
M-235,2017,2,0,0,1.0,100.0,False
M-235,2018,1,0,0,-1.0,-50.0,False
M-235,2019,6,0,2,5.0,500.0,False
M-235,2021,2,0,0,-4.0,-66.67,True
M-235,2022,4,1,2,2.0,100.0,False
M-235,2024,2,0,1,-2.0,-50.0,False
M-236,2018,1,0,0,,,False
M-237,2021,1,0,0,,,True
M-237,2024,1,0,0,0.0,0.0,False
M-240,2016,3,1,0,,,False
M-240,2018,1,0,0,-2.0,-66.67,False
M-240,2019,1,0,0,0.0,0.0,False
M-240,2020,1,0,0,0.0,0.0,True
M-240,2022,2,1,0,1.0,100.0,False
M-240,2023,1,0,0,-1.0,-50.0,False
M-240,2024,1,0,0,0.0,0.0,False
M-241,2016,1,0,0,,,False
M-241,2017,1,1,0,0.0,0.0,False
M-241,2018,2,0,0,1.0,100.0,False
M-241,2019,1,0,0,-1.0,-50.0,False
M-241,2020,1,0,0,0.0,0.0,True
M-241,2022,2,1,0,1.0,100.0,False
M-241,2023,2,1,4,0.0,0.0,False
M-241,2024,4,0,0,2.0,100.0,False
M-300,2016,38,0,1,,,False
M-300,2017,34,1,4,-4.0,-10.53,False
M-300,2018,33,0,1,-1.0,-2.94,False
M-300,2019,43,3,0,10.0,30.3,False
M-300,2020,39,0,3,-4.0,-9.3,True
M-300,2021,27,1,0,-12.0,-30.77,True
M-300,2022,40,0,1,13.0,48.15,False
M-300,2023,42,1,10,2.0,5.0,False
M-300,2024,39,1,3,-3.0,-7.14,False
M-301,2016,8,0,0,,,False
M-301,2017,15,1,2,7.0,87.5,False
M-301,2018,11,0,1,-4.0,-26.67,False
M-301,2019,18,0,3,7.0,63.64,False
M-301,2020,14,0,2,-4.0,-22.22,True
M-301,2021,18,0,0,4.0,28.57,True
M-301,2022,20,0,1,2.0,11.11,False
M-301,2023,13,0,0,-7.0,-35.0,False
M-301,2024,14,0,2,1.0,7.69,False
M-302,2016,5,1,0,,,False
M-302,2017,5,1,0,0.0,0.0,False
M-302,2018,6,0,0,1.0,20.0,False
M-302,2019,5,0,0,-1.0,-16.67,False
M-302,2020,2,0,0,-3.0,-60.0,True
M-302,2021,4,0,0,2.0,100.0,True
M-302,2022,6,1,0,2.0,50.0,False
M-302,2023,5,0,0,-1.0,-16.67,False
M-302,2024,4,0,1,-1.0,-20.0,False
M-305,2016,4,0,1,,,False
M-305,2017,9,0,1,5.0,125.0,False
M-305,2018,10,0,1,1.0,11.11,False
M-305,2019,10,0,1,0.0,0.0,False
M-305,2020,7,0,1,-3.0,-30.0,True
M-305,2021,4,0,0,-3.0,-42.86,True
M-305,2022,3,0,3,-1.0,-25.0,False
M-305,2023,4,0,0,1.0,33.33,False
M-305,2024,4,0,2,0.0,0.0,False
M-305 RE,2021,1,0,0,,,True
M-305A,2016,3,0,0,,,False
M-305A,2017,8,0,2,5.0,166.67,False
M-305A,2018,2,0,0,-6.0,-75.0,False
M-305A,2019,8,1,0,6.0,300.0,False
M-305A,2020,2,0,0,-6.0,-75.0,True
M-305A,2021,5,0,1,3.0,150.0,True
M-305A,2022,4,0,0,-1.0,-20.0,False
M-305A,2023,1,0,0,-3.0,-75.0,False
M-305A,2024,1,0,0,0.0,0.0,False
M-305RE,2021,3,0,0,,,True
M-305RE,2022,12,0,2,9.0,300.0,False
M-305RE,2023,6,0,0,-6.0,-50.0,False
M-305RE,2024,8,0,2,2.0,33.33,False
M-307,2016,2,0,0,,,False
M-307,2017,4,0,1,2.0,100.0,False
M-307,2018,10,0,0,6.0,150.0,False
M-307,2019,5,0,0,-5.0,-50.0,False
M-307,2020,3,0,0,-2.0,-40.0,True
M-307,2021,4,0,1,1.0,33.33,True
M-307,2022,7,0,2,3.0,75.0,False
M-307,2023,12,0,2,5.0,71.43,False
M-307,2024,2,0,0,-10.0,-83.33,False
M-31,2016,4,0,0,,,False
M-31,2017,2,1,0,-2.0,-50.0,False
M-31,2019,7,0,3,5.0,250.0,False
M-31,2020,2,0,0,-5.0,-71.43,True
M-31,2021,4,1,1,2.0,100.0,True
M-31,2022,3,0,0,-1.0,-25.0,False
M-31,2023,2,0,0,-1.0,-33.33,False
M-31,2024,5,2,0,3.0,150.0,False
M-311,2016,9,0,1,,,False
M-311,2017,5,0,5,-4.0,-44.44,False
M-311,2018,3,0,0,-2.0,-40.0,False
M-311,2019,15,1,1,12.0,400.0,False
M-311,2020,2,0,0,-13.0,-86.67,True
M-311,2021,9,0,2,7.0,350.0,True
M-311,2022,9,0,2,0.0,0.0,False
M-311,2023,7,0,0,-2.0,-22.22,False
M-311,2024,2,0,0,-5.0,-71.43,False
M-313,2016,2,0,0,,,False
M-313,2017,4,0,0,2.0,100.0,False
M-313,2018,3,0,1,-1.0,-25.0,False
M-313,2019,7,0,2,4.0,133.33,False
M-313,2020,4,0,1,-3.0,-42.86,True
M-313,2021,2,1,0,-2.0,-50.0,True
M-313,2022,8,0,1,6.0,300.0,False
M-313,2023,6,0,0,-2.0,-25.0,False
M-313,2024,5,0,0,-1.0,-16.67,False
M-313RE,2024,1,0,0,,,False
M-315,2016,1,0,0,,,False
M-315,2017,2,0,0,1.0,100.0,False
M-315,2019,2,0,1,0.0,0.0,False
M-315,2021,1,0,1,-1.0,-50.0,True
M-315,2022,1,0,0,0.0,0.0,False
M-315,2023,3,0,0,2.0,200.0,False
M-315,2024,1,0,4,-2.0,-66.67,False
M-316,2017,2,0,0,,,False
M-316,2018,1,0,0,-1.0,-50.0,False
M-316,2019,4,0,0,3.0,300.0,False
M-316,2020,1,0,1,-3.0,-75.0,True
M-316,2021,2,0,1,1.0,100.0,True
M-316,2022,3,0,0,1.0,50.0,False
M-316,2023,1,0,0,-2.0,-66.67,False
M-317,2016,3,0,0,,,False
M-317,2017,2,1,0,-1.0,-33.33,False
M-317,2018,3,1,0,1.0,50.0,False
M-317,2021,3,0,0,0.0,0.0,True
M-317,2022,2,0,0,-1.0,-33.33,False
M-317,2023,1,0,0,-1.0,-50.0,False
M-317,2024,1,0,1,0.0,0.0,False
M-317A,2018,1,0,0,,,False
M-317A,2020,1,0,0,0.0,0.0,True
M-318,2016,3,0,0,,,False
M-318,2017,6,1,3,3.0,100.0,False
M-318,2018,6,0,0,0.0,0.0,False
M-318,2019,7,0,1,1.0,16.67,False
M-318,2020,9,2,0,2.0,28.57,True
M-318,2021,8,0,1,-1.0,-11.11,True
M-318,2022,7,1,0,-1.0,-12.5,False
M-318,2023,4,0,0,-3.0,-42.86,False
M-318,2024,7,0,2,3.0,75.0,False
M-319,2023,1,0,0,,,False
M-320,2016,3,0,1,,,False
M-320,2017,7,0,1,4.0,133.33,False
M-320,2018,3,0,0,-4.0,-57.14,False
M-320,2019,5,0,1,2.0,66.67,False
M-320,2020,3,1,0,-2.0,-40.0,True
M-320,2021,5,0,1,2.0,66.67,True
M-320,2022,2,0,0,-3.0,-60.0,False
M-320,2023,12,1,1,10.0,500.0,False
M-320,2024,9,0,2,-3.0,-25.0,False
M-321,2017,1,0,0,,,False
M-321,2018,1,0,0,0.0,0.0,False
M-321,2019,2,0,0,1.0,100.0,False
M-321,2020,1,0,0,-1.0,-50.0,True
M-321,2022,1,0,1,0.0,0.0,False
M-321,2023,1,0,0,0.0,0.0,False
M-321,2024,4,0,0,3.0,300.0,False
M-322,2022,1,0,0,,,False
M-323,2022,1,0,0,,,False
M-324,2019,1,1,0,,,False
M-325,2020,1,0,0,,,True
M-325,2022,2,0,0,1.0,100.0,False
M-326,2017,1,0,0,,,False
M-326,2019,1,0,0,0.0,0.0,False
M-326,2020,1,0,0,0.0,0.0,True
M-327,2016,1,0,0,,,False
M-327,2017,1,0,0,0.0,0.0,False
M-328,2017,1,0,0,,,False
M-40,2016,241,1,9,,,False
M-40,2017,295,1,14,54.0,22.41,False
M-40,2018,320,4,16,25.0,8.47,False
M-40,2019,257,4,8,-63.0,-19.69,False
M-40,2020,137,6,8,-120.0,-46.69,True
M-40,2021,218,0,5,81.0,59.12,True
M-40,2022,276,4,10,58.0,26.61,False
M-40,2023,242,2,11,-34.0,-12.32,False
M-40,2024,239,3,19,-3.0,-1.24,False
M-402,2018,1,0,0,,,False
M-404,2016,35,1,0,,,False
M-404,2017,34,1,1,-1.0,-2.86,False
M-404,2018,52,0,1,18.0,52.94,False
M-404,2019,39,2,3,-13.0,-25.0,False
M-404,2020,40,1,3,1.0,2.56,True
M-404,2021,43,1,4,3.0,7.5,True
M-404,2022,47,0,8,4.0,9.3,False
M-404,2023,57,1,4,10.0,21.28,False
M-404,2024,48,1,1,-9.0,-15.79,False
M-405,2016,8,0,1,,,False
M-405,2017,8,0,0,0.0,0.0,False
M-405,2018,14,0,1,6.0,75.0,False
M-405,2019,11,0,0,-3.0,-21.43,False
M-405,2020,9,0,1,-2.0,-18.18,True
M-405,2021,7,0,1,-2.0,-22.22,True
M-405,2022,8,0,0,1.0,14.29,False
M-405,2023,8,0,1,0.0,0.0,False
M-405,2024,12,0,2,4.0,50.0,False
M-406,2016,22,0,1,,,False
M-406,2017,23,0,1,1.0,4.55,False
M-406,2018,32,0,2,9.0,39.13,False
M-406,2019,28,0,1,-4.0,-12.5,False
M-406,2020,18,0,0,-10.0,-35.71,True
M-406,2021,25,0,4,7.0,38.89,True
M-406,2022,25,0,1,0.0,0.0,False
M-406,2023,22,0,0,-3.0,-12.0,False
M-406,2024,18,3,2,-4.0,-18.18,False
M-407,2016,23,0,1,,,False
M-407,2017,25,2,1,2.0,8.7,False
M-407,2018,22,0,2,-3.0,-12.0,False
M-407,2019,34,1,1,12.0,54.55,False
M-407,2020,15,0,1,-19.0,-55.88,True
M-407,2021,20,0,0,5.0,33.33,True
M-407,2022,20,1,2,0.0,0.0,False
M-407,2023,10,1,0,-10.0,-50.0,False
M-407,2024,21,0,0,11.0,110.0,False
M-408,2016,10,0,0,,,False
M-408,2017,22,0,0,12.0,120.0,False
M-408,2018,16,0,0,-6.0,-27.27,False
M-408,2019,15,2,0,-1.0,-6.25,False
M-408,2020,5,0,0,-10.0,-66.67,True
M-408,2021,12,0,0,7.0,140.0,True
M-408,2022,17,0,3,5.0,41.67,False
M-408,2023,11,0,1,-6.0,-35.29,False
M-408,2024,12,0,0,1.0,9.09,False
M-409,2016,8,0,1,,,False
M-409,2017,13,0,0,5.0,62.5,False
M-409,2018,7,0,0,-6.0,-46.15,False
M-409,2019,9,0,0,2.0,28.57,False
M-409,2020,1,0,0,-8.0,-88.89,True
M-409,2021,4,0,1,3.0,300.0,True
M-409,2022,6,0,1,2.0,50.0,False
M-409,2023,6,1,1,0.0,0.0,False
M-409,2024,11,0,0,5.0,83.33,False
M-410,2016,6,2,0,,,False
M-410,2017,3,2,0,-3.0,-50.0,False
M-410,2018,6,0,0,3.0,100.0,False
M-410,2019,6,0,0,0.0,0.0,False
M-410,2020,7,0,2,1.0,16.67,True
M-410,2021,3,0,0,-4.0,-57.14,True
M-410,2022,4,0,0,1.0,33.33,False
M-410,2023,5,1,0,1.0,25.0,False
M-410,2024,6,0,0,1.0,20.0,False
M-413,2016,16,0,0,,,False
M-413,2017,18,0,1,2.0,12.5,False
M-413,2018,7,0,1,-11.0,-61.11,False
M-413,2019,13,0,0,6.0,85.71,False
M-413,2020,6,0,0,-7.0,-53.85,True
M-413,2021,11,0,2,5.0,83.33,True
M-413,2022,15,0,1,4.0,36.36,False
M-413,2023,7,0,0,-8.0,-53.33,False
M-413,2024,9,0,0,2.0,28.57,False
M-415,2016,6,0,0,,,False
M-415,2017,2,0,0,-4.0,-66.67,False
M-415,2018,1,0,0,-1.0,-50.0,False
M-415,2019,5,0,1,4.0,400.0,False
M-415,2020,1,0,0,-4.0,-80.0,True
M-415,2021,4,0,1,3.0,300.0,True
M-415,2022,1,0,0,-3.0,-75.0,False
M-415,2023,3,0,1,2.0,200.0,False
M-415,2024,3,0,1,0.0,0.0,False
M-416,2018,1,0,0,,,False
M-416,2019,1,0,0,0.0,0.0,False
M-416A,2018,1,0,0,,,False
M-416RE1,2022,1,0,0,,,False
M-416RE1,2024,1,0,0,0.0,0.0,False
M-417,2017,4,0,0,,,False
M-417,2018,5,0,0,1.0,25.0,False
M-417,2019,3,0,0,-2.0,-40.0,False
M-417,2020,2,0,1,-1.0,-33.33,True
M-417,2021,3,0,0,1.0,50.0,True
M-417,2022,1,0,0,-2.0,-66.67,False
M-417,2023,2,0,1,1.0,100.0,False
M-417,2024,3,0,0,1.0,50.0,False
M-419,2016,3,0,0,,,False
M-419,2017,1,0,1,-2.0,-66.67,False
M-419,2018,3,0,0,2.0,200.0,False
M-419,2019,1,0,0,-2.0,-66.67,False
M-419,2020,3,0,0,2.0,200.0,True
M-419,2021,2,1,0,-1.0,-33.33,True
M-419,2022,1,0,0,-1.0,-50.0,False
M-419,2023,2,0,0,1.0,100.0,False
M-419,2024,5,0,1,3.0,150.0,False
M-421,2016,2,0,0,,,False
M-421,2017,2,0,0,0.0,0.0,False
M-421,2018,2,0,0,0.0,0.0,False
M-421,2019,5,0,0,3.0,150.0,False
M-421,2020,4,0,0,-1.0,-20.0,True
M-421,2021,3,0,0,-1.0,-25.0,True
M-421,2022,3,0,0,0.0,0.0,False
M-421,2023,1,0,0,-2.0,-66.67,False
M-421,2024,1,0,0,0.0,0.0,False
M-423,2016,5,0,0,,,False
M-423,2017,5,0,0,0.0,0.0,False
M-423,2018,11,0,0,6.0,120.0,False
M-423,2019,3,0,0,-8.0,-72.73,False
M-423,2020,3,1,0,0.0,0.0,True
M-423,2021,4,0,1,1.0,33.33,True
M-423,2022,4,0,0,0.0,0.0,False
M-423,2023,11,0,0,7.0,175.0,False
M-423,2024,3,0,0,-8.0,-72.73,False
M-425,2016,4,0,0,,,False
M-425,2017,5,0,1,1.0,25.0,False
M-425,2018,5,0,0,0.0,0.0,False
M-425,2019,10,0,0,5.0,100.0,False
M-425,2020,6,0,0,-4.0,-40.0,True
M-425,2021,6,0,0,0.0,0.0,True
M-425,2022,4,0,0,-2.0,-33.33,False
M-425,2023,5,0,1,1.0,25.0,False
M-425,2024,6,0,0,1.0,20.0,False
M-45,2016,58,3,2,,,False
M-45,2017,66,6,3,8.0,13.79,False
M-45,2018,55,0,2,-11.0,-16.67,False
M-45,2019,67,3,10,12.0,21.82,False
M-45,2020,40,3,4,-27.0,-40.3,True
M-45,2021,51,2,3,11.0,27.5,True
M-45,2022,60,3,3,9.0,17.65,False
M-45,2023,78,1,6,18.0,30.0,False
M-45,2024,80,2,4,2.0,2.56,False
M-50,2016,219,4,5,,,False
M-50,2017,187,3,4,-32.0,-14.61,False
M-50,2018,193,4,6,6.0,3.21,False
M-50,2019,185,14,10,-8.0,-4.15,False
M-50,2020,90,3,5,-95.0,-51.35,True
M-50,2021,196,7,2,106.0,117.78,True
M-50,2022,190,2,8,-6.0,-3.06,False
M-50,2023,221,8,14,31.0,16.32,False
M-50,2024,157,3,10,-64.0,-28.96,False
M-500,2016,11,0,0,,,False
M-500,2017,7,0,2,-4.0,-36.36,False
M-500,2018,4,0,0,-3.0,-42.86,False
M-500,2019,4,0,0,0.0,0.0,False
M-500,2020,4,0,0,0.0,0.0,True
M-500,2021,7,0,0,3.0,75.0,True
M-500,2022,5,0,0,-2.0,-28.57,False
M-500,2023,3,0,0,-2.0,-40.0,False
M-500,2024,3,0,0,0.0,0.0,False
M-501,2016,69,6,9,,,False
M-501,2017,56,6,8,-13.0,-18.84,False
M-501,2018,59,0,6,3.0,5.36,False
M-501,2019,65,3,6,6.0,10.17,False
M-501,2020,34,1,4,-31.0,-47.69,True
M-501,2021,40,1,7,6.0,17.65,True
M-501,2022,58,6,2,18.0,45.0,False
M-501,2023,51,1,3,-7.0,-12.07,False
M-501,2024,53,2,5,2.0,3.92,False
M-501A,2016,3,0,0,,,False
M-501A,2019,2,0,1,-1.0,-33.33,False
M-501A,2020,1,0,0,-1.0,-50.0,True
M-502,2016,4,0,0,,,False
M-502,2017,12,0,0,8.0,200.0,False
M-502,2018,10,0,0,-2.0,-16.67,False
M-502,2019,9,0,0,-1.0,-10.0,False
M-502,2020,7,0,1,-2.0,-22.22,True
M-502,2021,13,0,1,6.0,85.71,True
M-502,2022,11,1,0,-2.0,-15.38,False
M-502,2023,8,0,0,-3.0,-27.27,False
M-502,2024,10,0,0,2.0,25.0,False
M-503,2016,68,0,3,,,False
M-503,2017,60,1,3,-8.0,-11.76,False
M-503,2018,81,2,3,21.0,35.0,False
M-503,2019,66,1,1,-15.0,-18.52,False
M-503,2020,53,2,1,-13.0,-19.7,True
M-503,2021,61,0,2,8.0,15.09,True
M-503,2022,50,0,0,-11.0,-18.03,False
M-503,2023,46,1,4,-4.0,-8.0,False
M-503,2024,33,1,2,-13.0,-28.26,False
M-505,2016,59,2,7,,,False
M-505,2017,50,0,2,-9.0,-15.25,False
M-505,2018,67,3,4,17.0,34.0,False
M-505,2019,76,0,6,9.0,13.43,False
M-505,2020,38,1,2,-38.0,-50.0,True
M-505,2021,52,0,4,14.0,36.84,True
M-505,2022,51,0,3,-1.0,-1.92,False
M-505,2023,41,3,12,-10.0,-19.61,False
M-505,2024,50,2,7,9.0,21.95,False
M-506,2016,125,4,6,,,False
M-506,2017,94,1,5,-31.0,-24.8,False
M-506,2018,99,1,2,5.0,5.32,False
M-506,2019,61,0,3,-38.0,-38.38,False
M-506,2020,60,2,8,-1.0,-1.64,True
M-506,2021,71,2,1,11.0,18.33,True
M-506,2022,77,2,1,6.0,8.45,False
M-506,2023,107,2,7,30.0,38.96,False
M-506,2024,80,1,5,-27.0,-25.23,False
M-506A,2024,2,0,0,,,False
M-506RE,2021,1,1,0,,,True
M-507,2016,16,0,3,,,False
M-507,2017,18,0,1,2.0,12.5,False
M-507,2018,15,0,2,-3.0,-16.67,False
M-507,2019,16,2,3,1.0,6.67,False
M-507,2020,21,2,3,5.0,31.25,True
M-507,2021,21,0,4,0.0,0.0,True
M-507,2022,16,2,1,-5.0,-23.81,False
M-507,2023,14,1,5,-2.0,-12.5,False
M-507,2024,23,1,1,9.0,64.29,False
M-508,2016,1,0,0,,,False
M-508,2019,1,0,0,0.0,0.0,False
M-508A,2023,1,0,0,,,False
M-509,2016,5,0,0,,,False
M-509,2017,11,0,0,6.0,120.0,False
M-509,2018,13,0,1,2.0,18.18,False
M-509,2019,9,1,2,-4.0,-30.77,False
M-509,2020,8,1,0,-1.0,-11.11,True
M-509,2021,10,1,0,2.0,25.0,True
M-509,2022,10,0,0,0.0,0.0,False
M-509,2023,9,0,0,-1.0,-10.0,False
M-509,2024,9,0,1,0.0,0.0,False
M-510,2016,23,1,0,,,False
M-510,2017,24,0,0,1.0,4.35,False
M-510,2018,30,1,6,6.0,25.0,False
M-510,2019,30,0,5,0.0,0.0,False
M-510,2020,17,0,1,-13.0,-43.33,True
M-510,2021,27,1,1,10.0,58.82,True
M-510,2022,23,2,5,-4.0,-14.81,False
M-510,2023,19,2,3,-4.0,-17.39,False
M-510,2024,15,0,2,-4.0,-21.05,False
M-511,2016,8,1,2,,,False
M-511,2017,8,0,2,0.0,0.0,False
M-511,2018,10,0,0,2.0,25.0,False
M-511,2019,7,0,0,-3.0,-30.0,False
M-511,2020,7,0,1,0.0,0.0,True
M-511,2021,3,0,0,-4.0,-57.14,True
M-511,2022,7,1,0,4.0,133.33,False
M-511,2023,7,0,0,0.0,0.0,False
M-511,2024,6,0,0,-1.0,-14.29,False
M-512,2016,16,0,1,,,False
M-512,2017,10,0,2,-6.0,-37.5,False
M-512,2018,8,0,0,-2.0,-20.0,False
M-512,2019,15,0,2,7.0,87.5,False
M-512,2020,14,0,1,-1.0,-6.67,True
M-512,2021,11,1,0,-3.0,-21.43,True
M-512,2022,12,0,2,1.0,9.09,False
M-512,2023,6,0,1,-6.0,-50.0,False
M-512,2024,6,0,1,0.0,0.0,False
M-513,2016,26,1,1,,,False
M-513,2017,31,0,4,5.0,19.23,False
M-513,2018,30,0,1,-1.0,-3.23,False
M-513,2019,29,1,2,-1.0,-3.33,False
M-513,2020,19,0,0,-10.0,-34.48,True
M-513,2021,20,1,2,1.0,5.26,True
M-513,2022,11,1,0,-9.0,-45.0,False
M-513,2023,19,0,1,8.0,72.73,False
M-513,2024,13,0,3,-6.0,-31.58,False
M-515,2016,1,0,0,,,False
M-516,2016,8,0,1,,,False
M-516,2017,6,0,0,-2.0,-25.0,False
M-516,2018,3,0,0,-3.0,-50.0,False
M-516,2019,9,0,1,6.0,200.0,False
M-516,2020,2,0,0,-7.0,-77.78,True
M-516,2021,3,0,0,1.0,50.0,True
M-516,2022,3,0,0,0.0,0.0,False
M-516,2023,6,0,0,3.0,100.0,False
M-516,2024,4,0,0,-2.0,-33.33,False
M-519,2016,2,0,0,,,False
M-519,2017,3,0,0,1.0,50.0,False
M-519,2018,2,0,0,-1.0,-33.33,False
M-519,2019,6,0,0,4.0,200.0,False
M-519,2020,3,0,0,-3.0,-50.0,True
M-519,2021,3,0,0,0.0,0.0,True
M-519,2022,3,0,0,0.0,0.0,False
M-519,2023,5,0,0,2.0,66.67,False
M-519,2024,2,0,0,-3.0,-60.0,False
M-521,2016,13,1,2,,,False
M-521,2017,15,2,4,2.0,15.38,False
M-521,2018,11,2,0,-4.0,-26.67,False
M-521,2019,15,0,2,4.0,36.36,False
M-521,2020,14,1,1,-1.0,-6.67,True
M-521,2021,20,0,4,6.0,42.86,True
M-521,2022,21,1,6,1.0,5.0,False
M-521,2023,14,0,1,-7.0,-33.33,False
M-521,2024,29,0,10,15.0,107.14,False
M-522,2017,4,0,0,,,False
M-522,2018,1,1,0,-3.0,-75.0,False
M-522,2019,1,0,0,0.0,0.0,False
M-522,2020,3,0,1,2.0,200.0,True
M-522,2021,3,0,3,0.0,0.0,True
M-522,2022,3,0,0,0.0,0.0,False
M-522,2024,1,0,0,-2.0,-66.67,False
M-523,2016,2,0,0,,,False
M-523,2017,1,0,0,-1.0,-50.0,False
M-523,2018,3,0,0,2.0,200.0,False
M-523,2020,1,0,0,-2.0,-66.67,True
M-523,2021,1,0,1,0.0,0.0,True
M-523,2022,2,0,0,1.0,100.0,False
M-523,2023,4,1,0,2.0,100.0,False
M-523,2024,1,0,0,-3.0,-75.0,False
M-524,2017,1,1,3,,,False
M-524,2022,1,0,0,0.0,0.0,False
M-524,2024,2,0,0,1.0,100.0,False
M-527,2016,3,0,0,,,False
M-527,2017,4,0,0,1.0,33.33,False
M-527,2019,3,2,0,-1.0,-25.0,False
M-527,2021,1,0,0,-2.0,-66.67,True
M-527,2022,2,0,0,1.0,100.0,False
M-527,2023,3,0,0,1.0,50.0,False
M-528,2016,4,0,1,,,False
M-528,2017,8,0,0,4.0,100.0,False
M-528,2018,4,0,2,-4.0,-50.0,False
M-528,2019,4,0,1,0.0,0.0,False
M-528,2020,1,0,0,-3.0,-75.0,True
M-528,2021,5,1,0,4.0,400.0,True
M-528,2022,2,0,0,-3.0,-60.0,False
M-528,2023,2,0,0,0.0,0.0,False
M-528,2024,2,0,0,0.0,0.0,False
M-530,2016,3,0,0,,,False
M-530,2019,2,0,1,-1.0,-33.33,False
M-530,2020,1,0,0,-1.0,-50.0,True
M-530,2021,2,0,1,1.0,100.0,True
M-530,2023,1,0,0,-1.0,-50.0,False
M-530,2024,4,0,1,3.0,300.0,False
M-531,2016,1,0,0,,,False
M-531,2017,2,0,0,1.0,100.0,False
M-531,2021,1,0,0,-1.0,-50.0,True
M-532,2016,1,0,0,,,False
M-532,2017,1,0,0,0.0,0.0,False
M-532,2019,1,0,1,0.0,0.0,False
M-532,2020,1,0,0,0.0,0.0,True
M-532,2023,2,1,1,1.0,100.0,False
M-532,2024,2,0,0,0.0,0.0,False
M-533,2016,8,0,0,,,False
M-533,2017,6,1,0,-2.0,-25.0,False
M-533,2018,7,0,1,1.0,16.67,False
M-533,2019,4,0,0,-3.0,-42.86,False
M-533,2020,10,0,2,6.0,150.0,True
M-533,2021,3,0,0,-7.0,-70.0,True
M-533,2022,5,0,0,2.0,66.67,False
M-533,2023,7,0,1,2.0,40.0,False
M-533,2024,4,0,0,-3.0,-42.86,False
M-535,2017,1,0,0,,,False
M-535,2018,1,0,0,0.0,0.0,False
M-537,2018,2,0,0,,,False
M-537,2019,1,0,0,-1.0,-50.0,False
M-537,2021,2,0,0,1.0,100.0,True
M-537,2023,1,0,0,-1.0,-50.0,False
M-538,2018,1,0,1,,,False
M-539,2016,2,1,0,,,False
M-539,2017,7,0,1,5.0,250.0,False
M-539,2018,4,0,0,-3.0,-42.86,False
M-539,2019,5,0,0,1.0,25.0,False
M-539,2020,3,0,1,-2.0,-40.0,True
M-539,2021,2,0,1,-1.0,-33.33,True
M-539,2022,3,0,0,1.0,50.0,False
M-539,2023,2,0,0,-1.0,-33.33,False
M-539,2024,2,0,0,0.0,0.0,False
M-540,2017,1,0,0,,,False
M-540,2018,1,0,0,0.0,0.0,False
M-541,2016,1,0,0,,,False
M-541,2019,1,0,1,0.0,0.0,False
M-541,2020,1,0,1,0.0,0.0,True
M-541,2021,3,0,2,2.0,200.0,True
M-541,2023,1,0,1,-2.0,-66.67,False
M-541,2024,1,0,0,0.0,0.0,False
M-542,2017,1,0,0,,,False
M-542,2024,1,0,0,0.0,0.0,False
M-543,2017,1,0,0,,,False
M-543,2018,1,0,0,0.0,0.0,False
M-543,2023,1,0,1,0.0,0.0,False
M-545,2018,1,0,0,,,False
M-545,2019,1,0,0,0.0,0.0,False
M-545,2021,1,0,0,0.0,0.0,True
M-545,2024,1,0,0,0.0,0.0,False
M-548,2020,1,1,0,,,True
M-549,2021,1,0,0,,,True
M-600,2016,44,0,4,,,False
M-600,2017,47,1,1,3.0,6.82,False
M-600,2018,50,1,2,3.0,6.38,False
M-600,2019,57,2,5,7.0,14.0,False
M-600,2020,42,0,4,-15.0,-26.32,True
M-600,2021,51,1,2,9.0,21.43,True
M-600,2022,60,1,3,9.0,17.65,False
M-600,2023,48,3,10,-12.0,-20.0,False
M-600,2024,36,0,5,-12.0,-25.0,False
M-601,2016,20,0,1,,,False
M-601,2017,25,0,3,5.0,25.0,False
M-601,2018,18,0,5,-7.0,-28.0,False
M-601,2019,25,1,4,7.0,38.89,False
M-601,2020,18,0,0,-7.0,-28.0,True
M-601,2021,14,0,0,-4.0,-22.22,True
M-601,2022,17,0,1,3.0,21.43,False
M-601,2023,17,1,2,0.0,0.0,False
M-601,2024,19,1,5,2.0,11.76,False
M-603,2016,14,0,0,,,False
M-603,2017,10,0,0,-4.0,-28.57,False
M-603,2018,9,0,0,-1.0,-10.0,False
M-603,2019,12,0,0,3.0,33.33,False
M-603,2020,10,0,0,-2.0,-16.67,True
M-603,2021,7,0,0,-3.0,-30.0,True
M-603,2022,12,0,1,5.0,71.43,False
M-603,2023,7,0,0,-5.0,-41.67,False
M-603,2024,5,0,1,-2.0,-28.57,False
M-604,2016,8,0,1,,,False
M-604,2017,6,0,1,-2.0,-25.0,False
M-604,2018,8,3,1,2.0,33.33,False
M-604,2019,15,2,1,7.0,87.5,False
M-604,2020,3,0,0,-12.0,-80.0,True
M-604,2021,8,2,1,5.0,166.67,True
M-604,2022,1,0,2,-7.0,-87.5,False
M-604,2023,5,0,1,4.0,400.0,False
M-604,2024,8,0,0,3.0,60.0,False
M-605,2016,4,0,1,,,False
M-605,2017,3,0,0,-1.0,-25.0,False
M-605,2018,2,0,0,-1.0,-33.33,False
M-605,2019,5,0,0,3.0,150.0,False
M-605,2020,2,0,0,-3.0,-60.0,True
M-605,2021,2,0,0,0.0,0.0,True
M-605,2022,2,0,0,0.0,0.0,False
M-605,2023,1,0,0,-1.0,-50.0,False
M-605,2024,1,0,0,0.0,0.0,False
M-607,2016,104,1,9,,,False
M-607,2017,86,2,9,-18.0,-17.31,False
M-607,2018,110,0,7,24.0,27.91,False
M-607,2019,87,1,3,-23.0,-20.91,False
M-607,2020,70,0,2,-17.0,-19.54,True
M-607,2021,62,1,1,-8.0,-11.43,True
M-607,2022,77,1,2,15.0,24.19,False
M-607,2023,64,3,6,-13.0,-16.88,False
M-607,2024,47,2,4,-17.0,-26.56,False
M-607 CRBC,2016,1,0,0,,,False
M-607 CRBC,2022,1,0,0,0.0,0.0,False
M-608,2016,49,2,6,,,False
M-608,2017,39,2,3,-10.0,-20.41,False
M-608,2018,36,0,5,-3.0,-7.69,False
M-608,2019,30,1,4,-6.0,-16.67,False
M-608,2020,33,0,4,3.0,10.0,True
M-608,2021,39,1,0,6.0,18.18,True
M-608,2022,37,4,0,-2.0,-5.13,False
M-608,2023,24,5,2,-13.0,-35.14,False
M-608,2024,29,0,3,5.0,20.83,False
M-609,2016,6,1,0,,,False
M-609,2017,6,0,0,0.0,0.0,False
M-609,2018,3,0,0,-3.0,-50.0,False
M-609,2019,11,0,0,8.0,266.67,False
M-609,2020,5,1,0,-6.0,-54.55,True
M-609,2021,7,1,1,2.0,40.0,True
M-609,2022,4,2,0,-3.0,-42.86,False
M-609,2023,5,0,0,1.0,25.0,False
M-609,2024,4,0,0,-1.0,-20.0,False
M-610,2016,2,0,0,,,False
M-610,2017,5,0,1,3.0,150.0,False
M-610,2018,8,0,0,3.0,60.0,False
M-610,2019,3,0,1,-5.0,-62.5,False
M-610,2020,5,0,0,2.0,66.67,True
M-610,2021,6,0,0,1.0,20.0,True
M-610,2022,2,0,0,-4.0,-66.67,False
M-610,2023,1,0,0,-1.0,-50.0,False
M-610,2024,3,0,0,2.0,200.0,False
M-611,2016,6,0,1,,,False
M-611,2017,13,0,4,7.0,116.67,False
M-611,2018,8,0,1,-5.0,-38.46,False
M-611,2019,15,0,1,7.0,87.5,False
M-611,2020,9,0,0,-6.0,-40.0,True
M-611,2021,24,0,3,15.0,166.67,True
M-611,2022,12,0,1,-12.0,-50.0,False
M-611,2023,17,0,2,5.0,41.67,False
M-611,2024,18,0,3,1.0,5.88,False
M-612,2016,3,1,0,,,False
M-612,2017,3,1,0,0.0,0.0,False
M-612,2019,1,0,0,-2.0,-66.67,False
M-612,2020,2,0,1,1.0,100.0,True
M-612,2021,2,1,0,0.0,0.0,True
M-612,2022,3,0,0,1.0,50.0,False
M-612,2023,1,0,0,-2.0,-66.67,False
M-614,2016,2,0,0,,,False
M-614,2017,10,0,2,8.0,400.0,False
M-614,2018,8,0,0,-2.0,-20.0,False
M-614,2019,7,1,0,-1.0,-12.5,False
M-614,2020,7,0,0,0.0,0.0,True
M-614,2021,8,0,0,1.0,14.29,True
M-614,2022,6,0,0,-2.0,-25.0,False
M-614,2023,2,0,1,-4.0,-66.67,False
M-614,2024,8,0,1,6.0,300.0,False
M-615,2016,1,0,0,,,False
M-615,2019,2,0,0,1.0,100.0,False
M-615,2020,2,0,0,0.0,0.0,True
M-615,2021,1,0,0,-1.0,-50.0,True
M-615,2022,1,0,0,0.0,0.0,False
M-615,2023,3,0,0,2.0,200.0,False
M-615,2024,2,0,0,-1.0,-33.33,False
M-616,2016,5,0,0,,,False
M-616,2017,9,0,0,4.0,80.0,False
M-616,2018,6,0,0,-3.0,-33.33,False
M-616,2019,7,0,0,1.0,16.67,False
M-616,2020,4,0,0,-3.0,-42.86,True
M-616,2021,9,0,1,5.0,125.0,True
M-616,2022,2,0,0,-7.0,-77.78,False
M-616,2023,2,0,0,0.0,0.0,False
M-616,2024,3,0,0,1.0,50.0,False
M-616 CB,2016,1,0,0,,,False
M-617,2017,2,0,0,,,False
M-617,2018,1,0,0,-1.0,-50.0,False
M-617,2020,3,0,1,2.0,200.0,True
M-617,2021,2,0,0,-1.0,-33.33,True
M-617,2022,1,0,0,-1.0,-50.0,False
M-618,2016,17,0,0,,,False
M-618,2017,15,0,1,-2.0,-11.76,False
M-618,2018,16,1,1,1.0,6.67,False
M-618,2019,15,0,1,-1.0,-6.25,False
M-618,2020,7,0,0,-8.0,-53.33,True
M-618,2021,19,0,1,12.0,171.43,True
M-618,2022,10,0,2,-9.0,-47.37,False
M-618,2023,14,0,1,4.0,40.0,False
M-618,2024,11,0,0,-3.0,-21.43,False
M-619,2016,2,0,0,,,False
M-619,2017,2,0,0,0.0,0.0,False
M-619,2018,8,0,0,6.0,300.0,False
M-619,2019,5,0,1,-3.0,-37.5,False
M-619,2020,2,0,0,-3.0,-60.0,True
M-619,2021,6,0,2,4.0,200.0,True
M-619,2022,5,0,3,-1.0,-16.67,False
M-619,2023,7,0,3,2.0,40.0,False
M-619,2024,4,0,0,-3.0,-42.86,False
M-620,2016,2,0,0,,,False
M-620,2018,3,0,1,1.0,50.0,False
M-620,2019,3,0,0,0.0,0.0,False
M-620,2020,2,1,0,-1.0,-33.33,True
M-620,2022,3,1,0,1.0,50.0,False
M-620,2023,4,0,0,1.0,33.33,False
M-621,2016,2,0,0,,,False
M-621,2020,1,0,0,-1.0,-50.0,True
M-621,2022,2,0,0,1.0,100.0,False
M-622,2016,2,0,0,,,False
M-622,2017,6,0,0,4.0,200.0,False
M-622,2018,6,0,0,0.0,0.0,False
M-622,2019,10,1,2,4.0,66.67,False
M-622,2020,3,1,2,-7.0,-70.0,True
M-622,2021,2,0,1,-1.0,-33.33,True
M-622,2022,7,0,0,5.0,250.0,False
M-622,2023,2,0,0,-5.0,-71.43,False
M-622,2024,4,0,0,2.0,100.0,False
M-623,2016,5,0,1,,,False
M-623,2017,9,1,2,4.0,80.0,False
M-623,2018,8,0,1,-1.0,-11.11,False
M-623,2019,9,0,0,1.0,12.5,False
M-623,2020,6,0,1,-3.0,-33.33,True
M-623,2021,9,0,1,3.0,50.0,True
M-623,2022,8,0,1,-1.0,-11.11,False
M-623,2023,6,0,3,-2.0,-25.0,False
M-623,2024,7,0,0,1.0,16.67,False
M-625,2016,8,0,2,,,False
M-625,2017,9,1,2,1.0,12.5,False
M-625,2018,9,1,4,0.0,0.0,False
M-625,2019,9,1,1,0.0,0.0,False
M-625,2020,9,0,1,0.0,0.0,True
M-625,2021,7,0,0,-2.0,-22.22,True
M-625,2022,13,0,2,6.0,85.71,False
M-625,2023,7,1,0,-6.0,-46.15,False
M-625,2024,4,0,0,-3.0,-42.86,False
M-626,2016,1,0,0,,,False
M-626,2017,3,0,1,2.0,200.0,False
M-626,2019,1,0,1,-2.0,-66.67,False
M-626,2020,3,0,0,2.0,200.0,True
M-626,2021,4,0,0,1.0,33.33,True
M-626,2022,4,1,1,0.0,0.0,False
M-626,2024,2,0,1,-2.0,-50.0,False
M-627,2017,1,0,0,,,False
M-627,2021,1,0,0,0.0,0.0,True
M-627,2022,1,0,0,0.0,0.0,False
M-627,2024,1,0,0,0.0,0.0,False
M-629,2016,3,0,1,,,False
M-629,2017,4,1,0,1.0,33.33,False
M-629,2019,3,0,0,-1.0,-25.0,False
M-629,2020,2,0,0,-1.0,-33.33,True
M-629,2021,2,0,0,0.0,0.0,True
M-629,2023,6,1,2,4.0,200.0,False
M-629,2024,5,1,0,-1.0,-16.67,False
M-631,2016,1,0,1,,,False
M-631,2017,2,0,0,1.0,100.0,False
M-631,2018,3,1,0,1.0,50.0,False
M-631,2019,1,0,0,-2.0,-66.67,False
M-631,2020,2,0,0,1.0,100.0,True
M-631,2021,1,0,0,-1.0,-50.0,True
M-631,2022,1,0,0,0.0,0.0,False
M-631,2023,4,0,1,3.0,300.0,False
M-631,2024,2,0,1,-2.0,-50.0,False
M-633,2016,2,0,1,,,False
M-633,2018,1,0,0,-1.0,-50.0,False
M-634,2017,1,0,0,,,False
M-634,2019,2,0,0,1.0,100.0,False
M-634,2022,1,0,0,-1.0,-50.0,False
M-635,2021,1,0,1,,,True
M-635,2024,1,0,0,0.0,0.0,False
M-636,2022,1,0,1,,,False
M-637,2016,1,0,0,,,False
M-637,2017,3,0,0,2.0,200.0,False
M-637,2018,3,1,0,0.0,0.0,False
M-637,2019,5,0,1,2.0,66.67,False
M-637,2020,1,0,0,-4.0,-80.0,True
M-637,2021,1,0,0,0.0,0.0,True
M-637,2022,3,0,0,2.0,200.0,False
M-637,2023,1,0,0,-2.0,-66.67,False
M-637,2024,4,0,0,3.0,300.0,False
M-822,2020,1,0,0,,,True
M-823,2016,5,1,0,,,False
M-823,2017,4,0,0,-1.0,-20.0,False
M-823,2018,3,0,1,-1.0,-25.0,False
M-823,2019,3,1,0,0.0,0.0,False
M-823,2020,2,0,0,-1.0,-33.33,True
M-823,2021,2,0,0,0.0,0.0,True
M-823,2022,4,0,0,2.0,100.0,False
M-823,2023,4,0,0,0.0,0.0,False
M-823,2024,1,0,0,-3.0,-75.0,False
M-831,2017,1,0,1,,,False
M-831,2019,1,0,0,0.0,0.0,False
M-831RE,2021,1,0,0,,,True
M-831RE,2023,1,0,0,0.0,0.0,False
M-832,2016,1,0,0,,,False
M-832,2017,2,0,0,1.0,100.0,False
M-832,2018,2,0,0,0.0,0.0,False
M-832,2019,3,0,0,1.0,50.0,False
M-832,2021,1,0,0,-2.0,-66.67,True
M-832,2022,1,0,0,0.0,0.0,False
M-832,2023,2,0,0,1.0,100.0,False
M-832,2024,2,0,0,0.0,0.0,False
M-841,2016,6,0,1,,,False
M-841,2017,5,0,1,-1.0,-16.67,False
M-841,2018,4,0,0,-1.0,-20.0,False
M-841,2019,1,0,0,-3.0,-75.0,False
M-841,2020,3,1,0,2.0,200.0,True
M-841,2021,4,0,0,1.0,33.33,True
M-841,2022,5,0,0,1.0,25.0,False
M-841,2023,9,1,0,4.0,80.0,False
M-841,2024,6,0,1,-3.0,-33.33,False
M-851,2016,2,0,0,,,False
M-851,2017,3,2,3,1.0,50.0,False
M-851,2018,2,0,0,-1.0,-33.33,False
M-851,2019,2,1,1,0.0,0.0,False
M-851,2020,1,0,0,-1.0,-50.0,True
M-851,2023,1,0,0,0.0,0.0,False
M-851,2024,1,0,0,0.0,0.0,False
M-852,2019,1,0,0,,,False
M-853,2016,2,0,0,,,False
M-853,2017,1,0,0,-1.0,-50.0,False
M-853,2018,3,0,0,2.0,200.0,False
M-853,2019,1,0,0,-2.0,-66.67,False
M-853,2020,1,0,0,0.0,0.0,True
M-853A,2016,1,0,0,,,False
M-855,2016,4,0,2,,,False
M-855,2017,1,0,0,-3.0,-75.0,False
M-855,2018,2,0,0,1.0,100.0,False
M-855,2021,5,0,0,3.0,150.0,True
M-855,2023,4,0,1,-1.0,-20.0,False
M-855,2024,3,0,0,-1.0,-25.0,False
M-856,2016,10,0,1,,,False
M-856,2017,10,0,0,0.0,0.0,False
M-856,2018,5,0,1,-5.0,-50.0,False
M-856,2019,7,0,0,2.0,40.0,False
M-856,2020,4,0,0,-3.0,-42.86,True
M-856,2021,6,2,1,2.0,50.0,True
M-856,2022,5,0,0,-1.0,-16.67,False
M-856,2023,2,0,0,-3.0,-60.0,False
M-856,2024,7,0,0,5.0,250.0,False
M-861,2021,1,0,0,,,True
M-862,2017,1,0,0,,,False
M-862,2021,1,0,1,0.0,0.0,True
M-862,2022,2,0,0,1.0,100.0,False
M-862,2024,2,0,0,0.0,0.0,False
M-863,2018,1,0,0,,,False
M-912,2016,1,0,0,,,False
M-912,2017,1,0,0,0.0,0.0,False
M-913,2022,1,0,0,,,False
M-914,2022,1,0,0,,,False
M-942,2017,2,0,0,,,False
M-942A,2020,1,0,0,,,True
M-942RE,2022,1,0,0,,,False
M-951,2020,1,0,0,,,True
M-952,2020,1,0,0,,,True
M-952,2024,1,0,0,0.0,0.0,False
M-954,2024,1,0,1,,,False
M-957,2023,1,0,0,,,False
M-957,2024,2,0,0,1.0,100.0,False
M-959,2016,3,0,1,,,False
M-959,2017,1,0,0,-2.0,-66.67,False
M-959,2018,1,0,0,0.0,0.0,False
M-959,2019,2,1,0,1.0,100.0,False
M-959,2021,3,1,2,1.0,50.0,True
M-959,2022,1,0,0,-2.0,-66.67,False
M-959,2024,4,1,0,3.0,300.0,False
M-962,2017,1,0,0,,,False
M-966,2017,1,0,0,,,False
M-966,2018,1,0,0,0.0,0.0,False
M-966,2020,1,0,0,0.0,0.0,True
M-966,2021,1,0,0,0.0,0.0,True
M-966,2024,2,0,1,1.0,100.0,False
M-978,2016,1,0,0,,,False
M-988,2016,1,0,0,,,False
M115,2019,1,0,0,,,False
M118,2019,1,0,0,,,False
M206,2019,1,0,0,,,False
M206,2020,3,0,0,2.0,200.0,True
M21,2019,1,0,0,,,False
M305 RE,2023,1,0,0,,,False
M503,2020,1,0,0,,,True
M510,2019,1,0,0,,,False
M513,2020,1,0,0,,,True
M607,2020,1,0,0,,,True
M610,2020,2,0,0,,,True
M625,2020,1,0,0,,,True
M626,2020,1,0,0,,,True
M629,2020,1,0,0,,,True
M637,2020,1,0,0,,,True
MR PATONES,2018,1,0,0,,,False
N-103 CAMI,2020,1,0,0,,,True
N-1A,2022,4,0,0,,,False
N-1A,2023,4,0,1,0.0,0.0,False
N-1A,2024,3,0,0,-1.0,-25.0,False
N-320,2016,14,0,3,,,False
N-320,2017,20,0,1,6.0,42.86,False
N-320,2018,13,1,1,-7.0,-35.0,False
N-320,2019,10,0,5,-3.0,-23.08,False
N-320,2020,7,0,0,-3.0,-30.0,True
N-320,2021,3,0,1,-4.0,-57.14,True
N-320,2022,4,0,0,1.0,33.33,False
N-320,2023,7,0,3,3.0,75.0,False
N-320,2024,8,0,0,1.0,14.29,False
N-3A,2022,1,0,0,,,False
N-3A,2023,4,0,0,3.0,300.0,False
N-400,2016,7,0,2,,,False
N-400,2017,6,0,1,-1.0,-14.29,False
N-400,2018,3,0,1,-3.0,-50.0,False
N-400,2019,4,1,1,1.0,33.33,False
N-400,2020,5,0,2,1.0,25.0,True
N-400,2021,4,0,0,-1.0,-20.0,True
N-400,2022,11,3,1,7.0,175.0,False
N-400,2023,7,1,4,-4.0,-36.36,False
N-400,2024,10,2,3,3.0,42.86,False
N-403,2016,2,0,0,,,False
N-403,2017,1,0,0,-1.0,-50.0,False
N-403,2018,2,0,0,1.0,100.0,False
N-403,2019,3,0,2,1.0,50.0,False
N-403,2020,5,1,3,2.0,66.67,True
N-403,2022,2,0,0,-3.0,-60.0,False
N-403,2023,1,0,0,-1.0,-50.0,False
N-403,2024,3,0,2,2.0,200.0,False
N-4A,2023,4,0,0,,,False
N-4A,2024,1,0,0,-3.0,-75.0,False
N-5A,2022,5,0,0,,,False
N-5A,2023,4,0,0,-1.0,-20.0,False
N-5A,2024,5,0,0,1.0,25.0,False
N-6,2022,6,0,0,,,False
N-6,2023,12,1,0,6.0,100.0,False
N-6,2024,10,0,1,-2.0,-16.67,False
N-601,2020,1,0,0,,,True
N-I,2016,4,0,0,,,False
N-I,2017,3,0,1,-1.0,-25.0,False
N-I,2018,5,0,0,2.0,66.67,False
N-I,2019,2,0,0,-3.0,-60.0,False
N-I,2021,1,0,0,-1.0,-50.0,True
N-IA,2017,3,0,0,,,False
N-IA,2018,1,0,0,-2.0,-66.67,False
N-IA,2019,3,0,0,2.0,200.0,False
N-IA,2021,4,0,1,1.0,33.33,True
N-IIIA,2016,15,0,2,,,False
N-IIIA,2017,10,0,0,-5.0,-33.33,False
N-IIIA,2018,5,1,0,-5.0,-50.0,False
N-IIIA,2019,4,0,1,-1.0,-20.0,False
N-IIIA,2021,4,0,1,0.0,0.0,True
N-IIIA,2022,1,0,0,-3.0,-75.0,False
N-IV,2020,1,0,0,,,True
N-IV,2022,1,1,0,0.0,0.0,False
N-IVA,2016,1,0,0,,,False
N-IVA,2017,1,0,0,0.0,0.0,False
N-IVA,2018,1,0,0,0.0,0.0,False
N-IVA,2020,2,0,1,1.0,100.0,True
N-V,2017,6,0,0,,,False
N-V,2018,3,0,1,-3.0,-50.0,False
N-V,2019,4,0,0,1.0,33.33,False
N-V,2020,5,0,1,1.0,25.0,True
N-V,2021,1,0,0,-4.0,-80.0,True
N-VA,2021,4,0,0,,,True
N-VI,2016,8,0,1,,,False
N-VI,2017,12,0,1,4.0,50.0,False
N-VI,2018,10,0,0,-2.0,-16.67,False
N-VI,2019,12,0,0,2.0,20.0,False
N-VI,2020,6,0,0,-6.0,-50.0,True
N-VI,2021,7,1,0,1.0,16.67,True
NO INVENTARIADA,2016,2,60,1052,,,False
NO INVENTARIADA,2017,3,49,1094,1.0,50.0,False
NO INVENTARIADA,2018,0,63,997,-3.0,-100.0,False
NO INVENTARIADA,2019,1,61,673,1.0,inf,False
NO INVENTARIADA,2020,1,57,475,0.0,0.0,True
NO INVENTARIADA,2021,2,55,662,1.0,100.0,True
NO INVENTARIADA,2022,3,47,607,1.0,50.0,False
NO INVENTARIADA,2023,0,57,679,-3.0,-100.0,False
NO INVENTARIADA,2024,0,52,719,0.0,,False
R-2,2016,2,0,0,,,False
R-2,2017,2,0,0,0.0,0.0,False
R-2,2018,6,0,0,4.0,200.0,False
R-2,2019,9,0,0,3.0,50.0,False
R-2,2020,1,0,0,-8.0,-88.89,True
R-2,2021,6,1,0,5.0,500.0,True
R-2,2022,3,0,0,-3.0,-50.0,False
R-2,2023,4,0,0,1.0,33.33,False
R-2,2024,4,0,1,0.0,0.0,False
R-3,2016,4,0,2,,,False
R-3,2017,6,0,0,2.0,50.0,False
R-3,2018,1,0,0,-5.0,-83.33,False
R-3,2019,7,1,0,6.0,600.0,False
R-3,2020,3,1,2,-4.0,-57.14,True
R-3,2021,10,0,0,7.0,233.33,True
R-3,2022,7,3,1,-3.0,-30.0,False
R-3,2023,9,1,0,2.0,28.57,False
R-3,2024,7,3,1,-2.0,-22.22,False
R-4,2016,3,0,0,,,False
R-4,2017,3,0,1,0.0,0.0,False
R-4,2018,3,0,0,0.0,0.0,False
R-4,2019,4,1,1,1.0,33.33,False
R-4,2020,2,0,0,-2.0,-50.0,True
R-4,2021,2,0,0,0.0,0.0,True
R-4,2022,6,1,0,4.0,200.0,False
R-4,2023,4,0,0,-2.0,-33.33,False
R-4,2024,8,1,2,4.0,100.0,False
R-5,2016,5,0,2,,,False
R-5,2017,5,1,1,0.0,0.0,False
R-5,2018,1,0,0,-4.0,-80.0,False
R-5,2019,6,0,1,5.0,500.0,False
R-5,2020,1,0,0,-5.0,-83.33,True
R-5,2021,5,1,2,4.0,400.0,True
R-5,2022,7,0,2,2.0,40.0,False
R-5,2023,6,0,1,-1.0,-14.29,False
R-5,2024,5,0,0,-1.0,-16.67,False
R3,2021,1,0,0,,,True
RE-1,2018,2,1,1,,,False
RE-12,2020,1,0,0,,,True
RE-12,2021,1,0,0,0.0,0.0,True
RE-12,2023,1,0,0,0.0,0.0,False
RE-4,2019,1,0,0,,,False
RE-5,2020,6,0,1,,,True
RE12,2022,1,0,0,,,False
URB CARAQU,2017,1,0,0,,,False
